id,condition,startDate,startTime,endDate,endTime,RFQ_1,RFQ_2,RFQ_3,RFQ_4,RFQ_5,RFQ_6,RFQ_7,RFQ_8,RFQ_9,RFQ_10,RFQ_11,RM_1,RM_2,RM_3,RM_4,RM_5,RM_6,RM_7,RM_8,RM_9,RM_10,RM_11,RM_12,RM_13,RM_14,RM_15,RM_16,RM_17,RM_18,RM_19,RM_20,RM_21,RM_22,RM_23,RM_24,RM_25,RM_26,RM_27,RM_28,RM_29,RM_30,MTS_1,MTS_2,MTS_3,MTS_4,MTS_5,MTS_6,MTS_7,MTS_8,MTS_9,MI_11,MI_12,MI_13,MI_14,MI_15,MI_16,MI_17,MI_18,MI_19,MI_20,MI_21,MI_22,MI_23,MI_24,MI_25,MI_26,MI_27,MI_28,MI_29,MI_30,MI_31,MI_32,MI_33,MI_34,productChoice,task_time,preference,difficulty,frustration,struggle,confInBest,strategy1,strategy2,strategy3,strategy4,strategy5,strategy6,strategy7,strategy8,reconsider1,reconsider2,reconsider3,reconsider4,regret1,regret2,regret3,regret4,regret5,regret6,price1,price2,price3,conviction1,conviction2,conviction3,conviction4,conviction5,ownCar,ownCarInTask,likeCar,ownCarPast,ownCarPastInTask,likeCarPast,familiarWithProcess,effort,tookSeriously,careAboutTask,taskImportance,gender,age,race,socialClass,income,momEducation,dadEducation
1,b,08/02/2016,19:42:53,08/02/2016,20:06:34,2,2,4,3,5,2,3,2,1,4,3,4,2,4,6,4,4,5,4,5,2,5,1,3,1,5,4,1,1,6,5,4,4,1,2,4,1,1,4,4,4,5,5,4,5,3,3,4,4,3,4,4,4,3,3,5,4,4,5,4,4,3,3,3,5,5,4,4,4,3,4,5,5,4,12,191033,5,4,4,3,5,5,7,2,3,5,5,5,5,3,3,5,6,5,5,5,5,4,5,7,6,6,8,7,8,8,7,No,,,No,,,1,5,5,5,5,Woman,18,8,4,12,5,2
2,c,08/02/2016,21:03:50,08/02/2016,23:16:29,1,1,3,1,5,1,4,3,1,5,1,4,1,4,5,5,6,4,5,6,3,6,1,5,6,6,4,3,3,4,6,3,1,3,1,4,1,1,5,4,5,7,6,5,7,5,5,7,7,3,6,6,6,3,5,4,6,6,6,5,6,2,6,4,5,5,5,5,6,6,6,6,6,6,19,417466,7,2,2,2,6,1,1,7,7,1,1,1,7,1,1,1,1,1,1,1,1,1,6,1,1,1,9,9,9,10,4,No,,,No,,,1,4,4,4,3,Woman,20,2,4,9,5,6
3,a,08/02/2016,21:06:19,08/02/2016,21:23:50,4,1,2,3,5,1,3,3,4,4,3,4,4,5,4,6,6,5,5,5,4,5,4,3,3,4,4,4,3,6,4,3,3,1,4,4,4,4,3,4,5,5,4,4,5,6,6,7,6,6,4,5,5,5,5,5,6,6,6,5,5,3,6,6,6,6,6,6,6,6,6,6,5,5,13,241294,4,5,6,7,3,5,7,6,6,4,7,5,5,7,7,6,5,7,6,7,7,7,3,4,4,7,6,5,6,6,5,No,,,No,,,4,4,4,4,4,Woman,18,9,2,7,1,2
4,a,08/02/2016,21:29:33,08/02/2016,21:45:39,3,4,3,3,3,3,3,3,2,4,4,4,3,3,4,3,4,5,4,3,5,3,1,4,4,3,3,4,2,4,3,3,4,3,2,3,3,3,3,3,2,5,3,4,3,1,4,5,5,3,3,3,3,3,2,3,3,4,4,3,3,4,3,3,4,4,3,4,,2,4,4,4,4,2,88469,5,4,3,3,5,2,7,1,5,5,2,5,5,2,2,2,2,2,2,2,2,2,6,5,3,2,8,8,8,8,4,No,,,No,,,4,4,5,5,5,Woman,18,9,2,6,2,1
5,c,08/02/2016,21:29:59,08/02/2016,22:04:30,3,3,2,3,4,2,3,3,3,3,4,4,4,3,5,5,5,4,3,5,4,5,1,5,6,5,3,1,3,4,5,4,3,3,4,5,2,2,5,4,5,4,3,3,5,4,3,5,6,5,5,5,5,5,4,5,5,5,5,5,5,2,5,4,5,5,4,5,5,3,5,5,5,5,1,402899,6,4,5,5,6,6,3,6,5,6,5,6,4,5,6,5,5,5,6,5,6,5,5,6,6,5,8,8,8,7,7,No,,,No,,,2,5,5,6,6,Woman,19,4,3,11,2,5
6,b,08/02/2016,21:32:17,08/02/2016,21:55:13,1,1,4,1,4,1,4,2,2,4,2,5,3,5,5,4,4,4,5,4,3,4,1,3,3,4,5,4,2,4,4,5,4,3,2,5,3,3,5,5,4,6,7,6,7,6,7,6,6,6,5,2,3,3,4,2,3,4,3,4,4,5,5,5,4,4,4,4,5,5,4,6,5,5,5,100685,6,1,1,2,6,2,5,4,2,5,2,2,5,5,3,3,3,2,2,2,3,3,6,5,3,3,9,8,8,8,3,No,Yes,6,Yes,Yes,7,5,6,6,6,6,Man,22,9,3,11,2,4
7,a,08/02/2016,22:15:47,08/02/2016,22:29:40,1,3,2,3,4,,4,2,3,4,2,1,,4,3,5,5,4,4,6,3,6,1,2,5,3,4,2,2,5,5,4,4,2,1,4,3,2,3,,5,7,7,7,3,3,4,6,7,4,1,5,4,1,1,3,5,4,4,,4,,5,5,5,5,4,5,3,3,6,6,6,5,19,38315,2,1,1,1,4,7,1,7,1,1,1,1,7,,1,1,1,1,,1,1,1,7,1,1,1,10,5,0,10,2,No,,,No,,,1,1,3,1,1,Woman,25,8,3,0,6,8
8,c,09/02/2016,0:01:31,09/02/2016,0:24:50,3,2,4,3,5,2,4,2,4,4,2,5,2,5,6,6,5,3,5,6,2,5,1,2,5,5,5,2,3,4,6,5,1,2,1,5,2,2,5,5,4,5,7,5,7,5,5,2,6,4,5,6,5,3,3,4,4,4,4,4,5,3,5,4,4,4,3,4,5,3,5,4,4,5,16,71776,5,4,2,2,6,2,4,5,5,1,1,2,5,4,5,2,3,4,4,3,5,4,4,5,3,2,5,2,5,5,4,Yes,No,5,No,,,1,2,4,3,3,Woman,18,4,3,0,6,0
9,b,09/02/2016,12:23:46,09/02/2016,12:54:33,3,1,4,1,5,1,4,2,2,4,1,6,1,4,6,5,6,4,5,6,5,5,1,4,6,6,5,4,5,6,5,4,2,4,2,4,1,1,6,6,6,7,6,6,7,7,7,6,6,4,3,5,4,5,5,5,6,5,5,5,6,1,5,4,6,6,4,5,5,4,5,6,6,6,12,70244,6,3,2,3,6,2,5,3,6,5,2,5,5,5,2,3,1,4,5,5,5,5,7,7,6,7,7,6,7,6,7,No,,,No,,,3,5,5,5,5,Man,18,6,2,7,2,4
10,a,09/02/2016,13:42:11,09/02/2016,13:52:25,2,1,1,1,5,2,3,1,1,2,3,4,2,1,4,5,4,2,2,6,6,3,1,6,2,5,4,2,2,2,6,1,1,1,4,3,1,2,3,2,4,7,4,4,4,,1,7,7,4,4,4,4,4,6,6,3,6,6,6,5,3,6,4,4,4,4,4,6,5,5,4,4,5,10,30105,4,1,1,1,4,4,1,7,4,1,1,1,6,1,1,1,1,1,1,1,1,1,4,1,1,1,0,2,2,2,2,No,,,No,,,1,1,1,1,1,Woman,19,4,3,0,0,0
11,c,09/02/2016,15:01:39,09/02/2016,15:11:59,3,1,4,1,4,2,4,3,3,3,3,5,4,5,3,4,4,5,4,3,5,4,4,5,3,2,4,4,4,3,5,4,5,4,3,4,4,4,5,3,4,5,5,4,5,6,5,5,5,4,4,5,5,3,4,3,3,4,5,4,4,5,4,5,3,4,4,4,5,4,5,4,4,5,11,16441,6,4,5,6,5,5,5,4,6,5,5,4,5,5,4,4,5,5,6,5,6,5,6,5,5,6,6,6,5,6,7,,,,,,,5,6,5,6,6,Woman,19,8,3,3,2,2
12,b,09/02/2016,15:32:42,09/02/2016,15:45:51,1,2,3,2,4,2,5,1,1,4,3,4,2,5,6,5,2,5,5,6,3,5,1,3,5,2,4,3,2,5,3,4,5,1,3,4,1,3,5,4,5,5,4,5,5,3,4,6,5,4,1,2,2,2,3,2,3,2,4,3,5,5,3,2,3,4,3,4,4,2,4,5,4,3,12,55482,5,2,1,1,2,1,5,7,7,1,1,2,7,1,2,1,1,1,1,1,1,2,4,7,6,7,6,5,6,5,4,No,,,No,,,3,2,5,5,4,Man,19,8,4,12,6,4
13,a,09/02/2016,15:44:41,09/02/2016,16:04:32,2,2,3,3,4,4,4,3,2,5,2,4,2,4,6,6,5,4,4,4,3,4,1,3,6,4,5,5,3,4,4,4,4,5,2,4,3,1,5,5,5,7,7,6,6,6,4,7,7,4,3,4,5,3,4,3,4,4,4,5,5,4,5,3,5,5,4,4,6,5,5,6,5,4,7,83222,5,5,3,4,5,5,6,4,5,4,4,4,6,6,6,6,4,4,5,4,4,5,5,6,6,6,6,6,6,6,6,No,,,No,,,3,3,3,4,4,Woman,19,6,3,0,5,5
14,b,09/02/2016,15:46:08,09/02/2016,16:45:38,4,3,3,4,4,3,3,4,4,4,2,5,3,4,3,6,4,3,4,5,4,4,1,4,1,4,3,2,3,4,5,3,1,1,1,2,1,2,2,4,3,6,5,4,6,7,6,7,6,6,6,6,5,6,4,5,3,5,6,6,5,1,5,5,5,6,5,4,5,4,5,5,4,4,18,60602,7,3,3,2,6,1,6,7,7,1,1,1,4,1,1,1,1,6,6,7,7,4,4,4,2,1,6,5,5,5,5,No,,,No,,,1,2,2,4,5,Woman,22,8,4,12,6,8
15,a,09/02/2016,18:12:54,09/02/2016,18:31:04,2,1,3,3,5,2,4,1,2,3,3,5,3,5,5,4,5,3,4,5,4,5,1,4,6,5,4,5,3,5,5,5,3,2,3,5,2,3,6,5,4,6,6,6,7,6,6,6,6,6,5,6,5,2,4,4,2,4,4,3,5,3,4,2,5,5,4,4,3,4,5,3,4,5,18,56015,5,4,2,2,5,2,6,2,7,1,1,5,7,1,1,1,1,1,2,2,2,3,6,6,5,7,8,7,5,8,4,Yes,No,7,Yes,No,7,6,7,7,5,6,Woman,22,8,3,10,2,2
16,c,09/02/2016,19:13:53,09/02/2016,19:48:43,1,1,5,2,5,2,5,2,1,5,2,6,6,6,4,6,5,2,6,1,6,5,2,5,2,4,5,5,2,5,4,5,4,2,1,6,2,5,6,6,4,7,7,7,,6,7,5,6,6,2,3,3,2,3,4,3,3,3,3,4,4,4,4,4,4,4,4,5,2,5,4,4,5,19,96978,4,3,2,3,6,4,4,5,6,2,4,3,6,5,5,3,4,1,1,1,1,4,7,4,7,4,10,10,10,10,3,No,,,No,,,5,4,4,5,6,Man,18,4,4,11,5,5
17,b,09/02/2016,19:31:23,09/02/2016,20:25:34,3,4,4,4,4,4,3,3,3,3,3,4,1,2,5,3,4,,,5,4,5,1,,,5,3,4,5,5,5,4,5,2,5,5,2,2,3,3,6,5,5,5,5,6,6,6,6,5,3,5,5,6,6,6,6,6,6,5,5,5,6,6,5,5,5,5,5,5,,5,5,5,7,153515,6,4,3,3,6,5,6,5,6,6,3,3,6,6,6,6,6,4,3,5,4,,6,7,6,6,9,9,9,9,7,No,,,No,,,4,5,5,6,6,Woman,19,9,4,9,8,6
18,c,09/02/2016,22:55:06,09/02/2016,23:11:09,3,2,3,3,3,3,3,3,3,2,3,4,3,4,4,4,3,3,5,3,3,4,3,4,5,4,4,3,3,3,4,4,3,4,3,4,3,3,4,4,3,4,4,4,,4,4,4,4,4,4,4,5,3,4,4,3,3,4,3,4,4,4,2,3,4,3,4,4,3,3,4,4,4,5,51548,4,2,2,2,5,2,6,2,5,4,2,2,5,4,4,4,2,2,3,,3,3,5,5,5,3,7,7,5,7,6,Yes,No,3,Yes,Yes,4,5,5,5,5,5,Man,55,2,3,0,1,1
19,a,10/02/2016,11:42:01,10/02/2016,11:54:27,1,3,5,2,5,3,5,3,1,5,1,6,2,4,6,6,4,3,5,5,3,5,1,1,6,5,6,5,3,4,4,6,2,2,1,4,2,2,6,6,4,7,4,5,5,6,4,5,6,3,4,4,3,4,4,4,4,4,5,3,4,3,5,4,5,5,3,5,4,4,6,5,5,6,12,40482,6,4,1,3,6,5,7,2,7,5,3,5,1,6,5,5,3,2,5,2,1,1,7,1,5,2,10,8,8,10,7,Yes,No,7,Yes,No,7,7,7,7,7,6,Woman,19,8,3,6,2,2
20,b,10/02/2016,12:11:06,10/02/2016,12:20:43,3,3,4,2,3,3,3,3,4,4,2,4,4,4,4,4,4,4,4,4,4,4,4,3,4,4,4,4,2,4,4,3,3,6,2,,3,,5,5,5,5,5,5,5,,5,4,4,4,3,4,3,,2,3,3,2,,3,3,3,3,4,3,3,3,3,3,3,3,3,3,3,5,33526,5,7,,5,5,,5,5,5,,4,4,4,2,4,3,3,5,5,,4,5,4,5,5,4,6,6,6,6,6,No,,,No,,,4,4,4,5,3,Woman,18,2,2,3,4,1
21,c,10/02/2016,13:42:30,10/02/2016,13:55:59,3,3,4,5,5,3,3,3,4,3,4,3,1,1,6,4,5,3,5,6,3,6,1,4,1,5,3,1,1,5,4,4,2,1,6,4,1,1,4,3,5,4,5,4,5,3,3,5,5,3,4,6,4,6,4,4,5,4,6,6,5,1,5,5,4,4,3,4,4,3,4,5,4,3,1,75725,1,4,7,4,1,4,5,5,7,1,1,1,5,7,7,5,5,5,7,5,5,5,1,7,7,7,0,0,0,0,2,No,,,No,,,1,4,3,4,4,Woman,21,9,3,7,2,5
22,a,10/02/2016,14:29:57,10/02/2016,14:43:16,2,3,4,2,5,2,5,3,1,5,2,6,1,5,6,6,2,2,6,3,6,4,1,3,2,5,6,3,2,4,3,4,1,3,3,5,3,1,5,6,4,5,6,6,7,3,5,7,3,6,3,2,3,3,3,2,3,4,2,4,3,3,5,4,2,4,1,1,2,1,1,4,6,5,5,41644,7,2,1,2,6,6,4,5,4,1,1,4,7,1,1,1,1,1,1,5,1,1,6,1,1,1,8,8,7,8,7,No,,,No,,,4,2,2,4,5,Woman,21,9,3,11,5,5
23,c,10/02/2016,15:02:22,10/02/2016,15:09:43,1,1,4,1,5,2,3,3,3,,2,3,1,3,,5,4,3,5,5,5,2,1,1,6,2,5,4,2,1,1,4,1,1,1,5,1,1,4,4,1,6,2,2,3,2,1,1,2,2,4,4,4,1,4,5,5,5,4,4,4,3,1,4,3,2,1,3,2,4,3,5,4,4,6,31090,3,4,4,3,4,2,4,6,5,1,1,3,3,5,5,5,5,5,5,5,5,5,3,6,6,3,5,5,5,6,4,No,,,No,,,1,5,5,4,5,Woman,18,2,3,7,4,4
24,b,10/02/2016,18:28:45,10/02/2016,18:47:26,3,4,5,3,3,2,3,5,3,4,,5,3,4,5,5,6,5,4,5,2,6,2,5,6,6,6,2,1,6,6,4,4,1,3,4,1,2,5,6,4,5,6,4,7,4,3,4,7,3,2,5,3,5,3,2,2,5,4,2,5,5,4,5,3,5,2,5,1,1,3,4,4,4,13,92381,5,5,3,4,5,2,6,1,7,3,2,6,7,5,2,2,1,2,2,4,3,3,5,3,2,1,6,6,6,6,6,No,No,4,Yes,No,,6,4,5,4,4,Man,19,2,3,5,2,4
25,b,10/02/2016,19:16:11,10/02/2016,19:41:50,3,1,3,1,5,1,4,1,3,4,2,3,2,2,5,2,2,2,4,3,5,4,1,4,5,3,5,4,2,2,4,3,2,1,5,4,1,2,4,3,4,6,3,5,6,5,1,5,5,2,3,4,4,2,3,3,4,4,5,4,3,5,4,2,5,5,4,5,4,4,4,5,5,4,16,45572,7,1,1,2,5,1,2,2,4,1,1,2,7,5,5,3,5,1,5,3,4,5,6,7,5,6,9,8,8,8,5,Yes,No,5,Yes,Yes,6,4,3,5,5,6,Woman,18,8,4,10,5,5
26,c,10/02/2016,20:21:11,10/02/2016,20:40:55,3,2,3,2,4,2,3,3,3,3,2,5,3,2,6,4,4,3,4,3,5,4,1,4,3,4,4,4,3,4,4,3,2,3,2,3,2,3,4,4,3,6,4,4,5,5,3,5,5,3,2,4,2,3,2,3,2,2,4,2,2,5,4,5,4,4,3,3,4,4,4,3,4,3,7,214044,3,4,2,3,5,2,6,2,7,5,1,4,4,3,3,2,2,2,2,2,2,5,5,7,6,7,8,8,8,8,6,No,,,No,,,3,6,6,6,5,Woman,19,8,3,10,5,2
27,a,11/02/2016,12:14:26,11/02/2016,12:37:27,4,1,4,2,5,2,2,5,5,2,4,3,2,1,5,4,5,5,2,6,5,5,1,4,5,,3,2,3,4,4,4,5,2,6,5,3,2,4,2,5,7,6,6,7,5,2,7,6,3,3,6,5,5,5,5,3,5,5,6,5,4,6,3,4,4,3,3,3,3,5,6,5,6,2,42638,6,1,1,1,5,1,3,6,6,2,1,4,6,4,5,1,1,1,2,2,2,1,6,7,7,7,8,,8,8,4,No,,,No,,,4,5,5,3,4,Woman,20,2,1,5,2,2
28,c,11/02/2016,13:14:59,11/02/2016,13:40:23,3,2,4,3,3,3,3,4,3,4,4,5,2,3,5,3,4,5,4,2,2,4,3,4,1,4,4,3,5,5,4,4,5,2,5,4,2,5,6,5,1,6,6,5,6,5,5,7,6,6,5,5,5,6,3,3,4,5,4,4,4,4,5,5,5,5,5,4,5,4,5,3,5,5,14,118215,5,4,5,4,5,3,3,5,7,1,2,2,6,4,4,4,4,5,4,5,4,4,5,2,1,2,7,7,7,7,6,Yes,No,6,Yes,No,6,6,4,4,4,4,Woman,20,7,3,7,4,4
29,a,11/02/2016,16:59:25,11/02/2016,18:22:42,1,1,4,1,5,1,4,1,,4,2,5,2,3,5,4,2,4,4,4,3,5,2,3,1,4,3,4,3,4,4,3,3,3,2,4,4,3,5,5,4,5,5,5,5,4,5,4,5,4,5,5,4,2,2,2,3,4,4,3,3,2,5,5,3,4,2,2,2,1,4,2,3,4,2,95567,4,5,5,6,4,3,5,5,5,4,4,3,5,4,5,5,5,5,5,5,5,5,4,3,3,2,5,4,5,5,6,Yes,No,5,No,,,2,1,1,4,4,Woman,18,8,4,11,4,4
30,b,11/02/2016,19:13:29,11/02/2016,19:30:32,2,3,4,4,4,4,3,3,4,3,2,5,2,6,5,6,4,3,5,4,5,4,1,2,2,5,4,3,1,5,6,5,3,1,2,5,1,2,5,4,4,6,7,5,6,5,4,5,6,5,5,5,5,5,4,6,4,5,6,5,5,3,5,4,5,5,5,6,6,3,4,5,5,4,12,59272,4,6,6,5,4,3,5,5,5,3,2,3,5,5,5,2,6,3,4,3,4,6,5,7,7,7,6,5,5,6,5,No,,,No,,,1,2,2,3,2,Woman,21,8,3,9,3,3
31,a,11/02/2016,23:13:16,11/02/2016,23:28:11,2,1,4,1,5,2,3,2,3,4,2,5,2,4,5,5,4,5,5,5,3,4,1,3,2,5,5,3,2,5,5,4,4,1,2,4,2,2,3,5,5,5,5,5,5,6,5,2,6,5,4,5,6,6,6,6,5,5,6,5,4,2,5,5,6,6,6,6,6,6,5,5,6,6,5,91081,5,5,4,3,5,3,6,6,6,4,2,6,6,5,5,5,3,3,5,4,4,5,6,3,3,3,7,7,7,7,5,No,,,Yes,Yes,7,6,6,6,6,6,Woman,20,8,4,12,7,6
32,c,11/02/2016,23:31:29,11/02/2016,23:36:44,4,2,3,2,4,2,4,3,4,2,4,2,5,3,4,4,2,3,5,5,4,2,5,3,4,2,5,3,4,3,4,2,5,4,4,5,3,3,5,3,2,5,3,4,5,2,3,5,4,5,5,4,3,4,2,4,3,5,4,2,4,3,4,2,5,5,4,3,4,4,2,5,4,3,2,17084,6,3,3,2,6,6,4,2,4,5,3,5,2,5,2,4,5,2,5,4,5,2,3,5,4,4,7,8,6,7,8,No,,,No,,,3,5,4,4,5,Man,20,2,3,12,2,2
33,b,12/02/2016,12:22:19,12/02/2016,12:40:15,2,1,4,1,5,3,4,3,3,4,5,5,3,4,4,5,2,4,5,5,5,5,1,4,5,2,4,2,5,5,5,4,1,5,2,4,1,5,4,4,2,7,5,6,3,4,3,6,6,2,2,4,3,4,3,4,4,4,3,2,3,5,5,6,4,5,2,5,4,3,5,5,4,5,18,118474,7,1,1,1,7,1,6,1,7,5,2,6,7,1,1,5,1,1,2,1,1,1,7,5,1,5,10,8,8,10,8,No,,,No,,,1,4,6,1,4,Woman,21,9,4,11,3,4
34,b,12/02/2016,12:39:06,12/02/2016,12:52:23,3,4,3,4,3,4,3,4,3,4,,4,5,4,5,4,5,4,5,4,5,4,5,4,5,4,5,4,5,4,5,4,5,4,5,4,5,4,5,4,5,6,5,6,5,6,5,,5,6,5,4,5,5,4,5,4,4,4,5,5,3,5,4,5,4,5,4,5,5,5,4,5,4,7,72313,6,6,6,6,6,5,4,5,6,5,6,5,6,6,6,6,5,6,6,5,6,5,6,5,6,5,8,,,8,9,No,,,No,,,5,5,6,5,6,Woman,21,3,1,2,5,6
35,a,12/02/2016,12:56:35,12/02/2016,13:14:43,4,4,3,4,3,4,3,4,3,4,3,5,4,5,4,5,4,5,4,5,4,5,5,4,4,5,4,5,5,4,5,5,5,4,5,5,4,5,4,5,5,6,5,6,5,6,5,6,5,6,5,4,5,5,4,5,4,5,5,5,4,5,4,5,4,5,4,5,4,5,4,5,4,5,7,19391,3,4,5,5,4,5,6,5,6,5,6,5,6,5,6,5,6,5,6,5,6,5,6,5,6,5,8,9,8,9,8,No,,,No,,,6,5,6,7,6,Woman,21,3,2,2,5,6
36,a,12/02/2016,13:39:32,12/02/2016,13:55:09,1,3,4,3,3,3,5,3,4,5,3,3,1,5,6,6,6,6,6,6,1,6,1,2,6,6,6,5,5,6,6,6,6,3,3,4,1,1,6,6,6,7,4,7,7,4,4,4,7,7,1,6,3,6,3,2,4,4,6,6,3,2,6,5,5,5,6,5,5,6,5,3,4,3,12,72565,7,3,3,1,7,1,7,7,7,1,1,1,4,1,1,1,4,1,1,1,1,1,7,7,7,7,10,10,10,10,2,No,,,Yes,Yes,7,1,4,7,7,7,Man,22,2,1,4,2,2
37,c,13/02/2016,21:29:46,13/02/2016,21:44:00,2,2,4,3,5,3,3,3,3,4,2,5,3,5,5,6,3,5,6,6,4,5,2,4,6,4,5,4,4,6,3,3,3,2,1,5,1,4,6,5,4,6,5,5,7,4,6,5,5,7,4,5,4,1,2,1,3,6,6,4,3,3,4,4,5,6,2,4,4,1,4,6,4,4,2,73262,7,2,1,2,5,1,7,4,7,5,1,4,7,1,1,2,4,1,4,4,1,1,6,6,6,2,8,6,7,8,7,Yes,No,5,Yes,No,4,5,4,5,6,5,Woman,21,8,2,8,2,4
38,b,13/02/2016,21:51:26,13/02/2016,23:32:39,2,3,2,2,4,2,3,3,3,3,2,4,2,4,6,5,4,4,4,4,3,4,1,2,3,4,5,1,1,3,5,5,2,1,2,3,1,2,5,4,3,4,4,4,4,4,4,4,4,4,3,4,3,4,3,4,1,1,1,1,1,1,6,6,6,6,6,6,6,6,6,6,2,2,5,125409,7,7,7,7,7,7,7,7,7,7,7,7,7,7,7,7,7,7,7,7,7,7,7,7,7,7,8,8,8,8,2,No,,,No,,,1,4,4,4,4,Woman,19,2,5,0,5,8
39,a,14/02/2016,19:05:49,14/02/2016,19:20:42,2,1,2,2,4,2,3,3,3,,4,4,2,6,4,2,2,4,3,2,2,3,2,,2,,3,1,,,5,2,2,1,4,2,3,2,2,2,2,4,3,,3,3,2,5,6,3,4,3,3,5,3,3,2,2,4,2,4,4,6,5,3,4,3,3,4,4,5,6,4,4,15,47987,5,4,2,2,3,5,3,,5,3,2,3,5,1,1,,,1,3,1,2,,2,2,2,2,3,3,3,3,2,No,,,No,,,1,3,3,4,4,Woman,19,2,3,9,1,2
40,c,14/02/2016,21:47:46,14/02/2016,23:16:06,,1,3,3,5,1,4,2,3,4,2,5,2,4,6,4,5,2,5,2,2,5,1,4,5,,,,,1,5,6,4,5,3,4,1,1,6,4,1,7,7,7,7,2,2,6,3,3,6,6,6,4,5,,,6,6,6,5,2,3,6,4,4,5,5,2,2,5,5,,4,5,458474,5,5,4,4,1,,4,3,7,3,1,2,7,5,5,3,3,2,3,2,5,5,2,3,3,4,1,2,2,2,3,No,,,No,,,2,2,2,2,2,Woman,27,8,2,2,4,5
41,b,15/02/2016,13:59:48,15/02/2016,14:20:50,2,1,3,2,5,2,3,2,3,3,3,4,3,2,4,4,4,4,3,5,3,5,3,4,6,4,4,3,3,5,5,4,3,5,4,4,3,4,4,4,4,5,2,5,5,5,5,5,6,4,3,4,5,5,4,4,4,4,4,4,4,4,5,4,4,4,4,4,5,5,5,5,5,4,18,33785,5,4,4,4,5,5,6,5,4,5,3,5,5,3,3,4,4,5,5,2,6,5,4,4,5,5,7,6,6,7,5,No,,,No,,,2,2,5,6,6,Woman,18,9,3,5,1,2
42,b,15/02/2016,14:02:41,15/02/2016,14:32:52,1,3,1,3,3,2,4,2,2,5,1,5,5,3,2,4,2,1,5,4,5,2,2,1,3,2,2,3,5,2,2,2,2,1,2,4,2,5,4,4,4,4,2,3,2,2,2,2,2,2,2,1,2,2,4,3,3,3,2,2,2,3,2,5,3,1,1,2,2,2,2,4,2,2,6,67915,1,1,1,1,1,1,1,7,1,1,1,1,4,1,1,1,1,1,1,5,6,1,1,1,7,7,0,1,0,0,4,No,,,No,,,1,1,1,1,1,Man,21,8,3,1,1,1
43,c,15/02/2016,15:02:03,15/02/2016,15:13:25,3,2,4,1,4,3,2,2,3,2,1,3,4,3,4,3,1,4,5,4,2,5,1,4,6,5,4,4,3,6,5,5,4,2,4,3,3,5,5,4,4,5,6,5,5,5,3,6,6,5,4,6,5,5,4,3,5,4,5,5,3,3,5,5,6,6,6,6,6,6,6,5,6,5,17,94502,4,5,5,6,3,6,6,6,6,6,6,5,6,4,2,2,6,5,5,4,6,4,3,7,7,7,3,1,2,2,2,No,,,No,,,1,5,4,3,3,Woman,20,0,4,12,5,5
44,a,16/02/2016,11:48:43,16/02/2016,12:11:26,2,4,5,3,3,4,3,2,3,4,4,5,2,3,5,3,5,6,5,5,5,5,1,4,2,6,6,2,1,6,6,6,6,2,2,5,1,2,5,4,3,6,7,7,6,5,3,7,7,4,6,6,6,5,6,6,6,6,6,6,6,5,6,6,6,6,6,6,6,6,6,6,,6,1,104552,1,5,5,5,5,1,7,5,7,4,5,4,6,1,1,1,1,1,5,3,2,3,5,7,5,7,7,3,6,7,1,No,,,No,,,3,5,5,5,4,Woman,19,8,2,3,4,1
45,b,16/02/2016,14:05:07,16/02/2016,16:29:45,4,3,4,3,5,3,3,3,3,3,3,5,5,4,5,5,6,3,4,6,6,5,1,3,3,6,5,1,5,5,6,5,1,2,3,5,1,1,5,4,4,6,6,6,7,7,5,5,5,4,4,6,6,6,4,4,4,4,5,5,6,2,5,4,5,5,4,5,4,3,5,5,5,5,19,327742,6,6,2,2,5,2,5,6,6,5,2,5,5,4,4,2,2,2,3,4,3,3,5,5,3,3,7,7,7,7,6,Yes,No,5,No,,,5,5,5,5,5,Man,20,0,3,10,2,4
46,a,16/02/2016,14:58:23,16/02/2016,15:13:09,3,1,4,2,5,1,4,5,5,4,3,6,6,1,6,,1,5,6,6,2,6,1,2,5,6,5,3,4,6,6,5,2,1,5,5,2,1,5,3,5,7,5,4,6,5,4,6,6,5,6,6,6,6,5,5,2,5,5,6,6,1,5,6,6,6,6,6,6,6,6,,6,5,18,56970,1,4,3,4,2,1,,6,7,1,2,5,6,5,5,6,6,6,7,5,6,3,3,5,5,5,2,3,2,1,3,No,,,No,,,1,4,6,6,6,Woman,21,2,4,12,0,7
47,c,16/02/2016,15:00:40,16/02/2016,15:07:52,2,3,3,2,4,3,3,2,3,4,2,5,1,3,5,4,2,4,4,5,4,4,3,4,5,4,4,4,3,6,5,4,5,2,3,4,4,3,4,4,3,5,4,3,5,6,5,4,4,5,4,5,3,4,4,3,4,3,4,4,5,4,3,4,,4,5,5,4,4,5,5,3,4,16,62362,5,5,4,5,5,5,4,3,5,5,4,5,4,4,5,4,3,4,5,4,5,5,5,4,5,4,5,5,6,4,6,No,,,No,,,1,5,5,6,6,Woman,19,8,3,8,5,6
48,a,16/02/2016,15:23:13,16/02/2016,15:39:48,2,3,4,3,5,3,2,2,3,4,2,4,3,1,5,3,4,4,2,3,4,4,1,4,3,4,5,3,2,4,4,2,4,4,2,4,2,2,4,4,5,6,7,6,6,5,4,6,6,3,5,6,4,4,5,6,4,5,6,5,4,2,5,6,5,5,6,6,6,5,5,6,5,5,5,103420,3,6,3,4,6,3,2,7,6,6,2,3,6,6,5,5,7,4,5,6,7,6,7,1,1,1,7,8,5,6,7,No,,,No,,,1,3,3,4,4,Woman,19,8,3,10,4,3
49,c,17/02/2016,16:07:10,17/02/2016,16:24:46,3,3,4,3,3,3,4,2,2,3,4,4,1,2,4,4,4,4,4,6,3,4,1,4,5,4,4,2,2,4,4,3,2,1,6,4,3,1,4,3,6,4,4,2,3,3,3,4,4,3,3,4,4,3,2,3,4,2,6,4,4,2,5,2,3,3,2,4,3,2,4,1,4,3,5,149160,5,4,1,3,4,1,5,3,7,2,2,2,7,3,2,2,4,3,2,6,5,2,4,2,1,1,6,6,6,6,4,Yes,No,6,Yes,Yes,3,4,5,5,5,5,Woman,20,8,3,11,2,1
50,c,17/02/2016,17:18:58,17/02/2016,17:34:54,2,2,4,2,2,2,4,2,3,4,4,5,5,6,5,5,4,4,6,5,5,5,1,2,2,4,4,3,2,4,5,5,4,2,2,5,2,2,4,5,4,6,6,6,6,5,4,4,6,4,2,4,4,2,2,3,3,4,3,2,2,5,5,5,6,5,5,6,5,6,5,5,6,6,18,77683,5,3,1,1,6,4,6,1,5,4,4,6,2,5,5,3,5,2,4,3,2,2,6,5,5,6,8,8,8,7,3,No,,,No,,,5,5,5,5,4,Man,19,4,3,6,5,6
51,a,17/02/2016,22:00:30,17/02/2016,23:24:37,2,2,4,1,5,2,4,4,4,3,3,5,2,3,3,3,3,4,4,4,4,5,1,4,4,4,4,4,5,4,4,4,4,4,2,4,1,2,3,4,5,5,5,5,5,5,5,6,6,4,3,4,4,4,5,4,4,3,4,4,4,3,5,4,5,4,5,5,5,5,5,5,4,4,2,143303,7,5,4,4,7,4,7,3,7,7,1,7,6,1,4,3,1,1,1,1,1,1,7,7,7,7,10,10,10,10,9,No,,,No,,,4,7,7,7,7,Woman,19,4,3,6,5,6
52,b,17/02/2016,23:40:15,17/02/2016,23:49:48,2,1,4,2,5,2,,3,4,3,4,5,2,4,5,5,4,4,5,4,2,5,2,5,1,4,5,4,3,4,4,2,2,5,3,4,3,1,4,5,3,5,5,5,6,6,6,6,5,3,2,,4,3,4,4,3,4,4,4,3,3,4,5,4,4,3,5,5,3,5,5,5,3,6,63505,6,3,4,4,5,3,6,4,6,3,2,2,6,3,3,5,4,5,5,5,5,6,6,,7,7,9,7,7,7,7,No,,,No,,,2,2,2,3,3,Man,18,2,3,5,5,5
53,c,18/02/2016,14:43:13,18/02/2016,15:03:11,1,3,4,3,4,3,5,1,3,5,2,6,1,4,6,6,5,4,5,6,5,6,1,2,3,5,6,5,1,4,6,5,2,1,1,5,2,1,6,5,4,7,7,7,7,6,5,7,7,6,6,6,6,6,5,6,4,6,6,5,5,3,6,6,5,5,5,4,6,5,6,4,5,4,2,91927,6,4,2,2,6,1,7,6,7,2,2,4,7,1,3,6,3,1,6,1,1,2,7,7,7,7,10,10,8,8,7,No,,,No,,,1,6,7,5,6,Woman,20,8,3,11,6,2
54,b,18/02/2016,20:17:29,18/02/2016,20:49:30,1,3,3,3,4,3,3,3,3,4,2,5,3,4,5,5,2,3,4,4,6,4,1,3,3,4,4,3,3,2,5,3,2,2,1,3,1,6,2,5,4,6,6,5,7,3,5,3,5,5,5,6,5,6,3,5,5,4,5,6,4,1,3,2,2,4,2,3,3,2,4,4,3,4,16,225021,5,7,5,6,5,2,7,4,6,2,2,6,6,6,6,5,4,5,5,3,3,6,6,2,2,5,8,7,7,8,5,No,,,No,,,4,5,4,5,6,Woman,19,8,3,10,4,2
55,a,18/02/2016,22:48:10,18/02/2016,22:58:33,4,3,4,4,3,3,3,2,2,4,3,5,2,4,5,4,3,4,4,4,4,4,1,3,3,3,4,4,3,3,4,4,3,2,3,5,3,2,4,4,4,6,6,6,6,5,4,6,6,4,4,5,4,3,3,3,3,3,3,3,3,3,5,5,5,5,4,5,4,4,5,5,5,4,19,148452,4,5,3,4,3,4,5,4,5,3,3,5,3,5,5,5,3,4,3,3,3,5,4,3,2,2,5,4,4,5,2,No,,,No,,,4,4,4,4,4,Man,22,8,0,0,0,0
56,a,19/02/2016,9:00:05,19/02/2016,9:26:36,4,2,4,3,5,2,3,3,3,4,5,6,1,5,6,6,5,4,5,5,2,5,1,2,1,5,5,1,1,5,5,5,1,2,2,5,1,1,5,5,4,5,6,6,7,5,6,7,7,7,6,6,4,2,3,5,5,4,6,5,5,4,6,5,5,4,6,6,6,5,6,6,6,6,1,79916,6,5,2,5,5,3,5,1,6,3,5,3,7,6,6,6,6,6,6,6,6,2,6,6,6,7,7,3,6,5,8,No,,,No,,,4,5,5,6,6,Woman,18,8,3,4,1,2
57,c,19/02/2016,12:16:45,19/02/2016,12:21:50,3,3,3,3,,2,4,2,3,3,3,4,3,4,3,4,3,4,3,4,3,4,4,4,4,4,4,3,3,3,3,4,4,4,4,3,3,3,3,3,3,4,4,4,4,4,4,4,4,4,3,3,3,3,3,3,3,3,3,3,3,3,3,3,3,3,3,3,3,3,3,3,3,3,19,36047,4,4,4,3,3,4,4,4,4,4,4,4,5,4,4,4,4,4,4,3,3,3,4,4,4,4,5,5,3,3,8,No,,,No,,,4,4,4,4,5,Man,21,1,3,7,5,5
58,b,19/02/2016,16:13:55,19/02/2016,16:34:08,3,2,4,2,,1,3,2,2,5,4,5,1,5,5,4,3,4,4,5,3,4,1,4,6,5,4,3,3,4,5,,3,2,4,2,2,1,4,3,5,5,5,3,6,5,5,7,7,5,6,6,4,5,4,5,5,5,6,4,3,2,4,5,5,5,4,5,5,4,5,6,4,4,2,97314,4,6,5,6,1,6,7,2,4,2,5,6,3,6,4,7,6,7,6,5,6,6,1,7,5,2,3,4,3,3,4,No,,,No,,,2,6,7,6,5,Woman,22,8,3,7,4,6
59,a,19/02/2016,16:27:12,19/02/2016,16:43:18,1,5,4,,3,5,4,3,2,4,1,6,1,4,6,6,4,4,4,5,3,5,1,1,3,4,6,1,2,4,3,6,6,1,1,1,1,1,3,4,6,3,6,5,4,4,4,6,6,4,4,3,3,5,3,3,3,5,5,5,4,1,6,3,5,5,5,5,3,6,,3,4,3,13,126361,7,2,2,2,6,1,2,7,7,2,2,1,6,2,2,2,2,2,2,2,2,2,6,2,1,2,8,6,8,8,4,Yes,Yes,4,No,,,1,2,3,5,5,Woman,20,8,1,3,2,5
60,c,19/02/2016,20:00:49,19/02/2016,20:11:21,,2,3,3,4,3,3,3,4,2,3,4,3,2,6,4,4,3,2,4,3,3,1,3,4,4,3,3,3,4,3,2,2,2,5,2,2,2,3,3,2,5,5,3,4,4,2,5,6,3,4,4,3,4,5,4,3,3,4,3,4,4,4,4,3,4,3,4,4,4,3,3,4,4,2,40896,4,3,3,3,4,5,1,5,2,1,2,2,5,2,2,2,,5,4,7,7,6,4,3,5,3,4,4,3,3,4,Yes,Yes,6,No,,,1,1,5,3,3,Woman,19,9,3,12,6,5
61,b,19/02/2016,23:34:36,20/02/2016,0:19:13,4,3,4,3,3,3,4,3,4,2,3,3,2,4,4,4,5,4,4,5,4,5,1,4,3,4,4,2,3,6,5,,3,2,2,3,2,2,3,4,4,5,6,4,6,6,5,5,6,5,3,4,3,4,4,3,3,3,3,4,3,4,3,4,3,3,3,3,3,3,4,4,4,3,18,261876,5,4,3,3,3,1,6,2,7,2,1,4,4,5,5,2,2,3,4,3,4,3,5,4,4,5,7,7,7,7,2,Yes,No,5,Yes,No,5,6,5,5,5,5,Man,38,8,2,6,1,2
62,a,20/02/2016,1:31:30,20/02/2016,1:53:20,3,3,4,2,4,3,3,2,4,3,4,4,2,3,3,2,5,5,4,4,3,3,1,5,2,5,3,3,3,4,5,4,2,3,2,5,2,2,2,2,5,6,4,4,3,4,3,7,7,3,6,6,6,4,4,4,5,6,6,6,5,2,6,6,4,4,4,4,5,5,6,5,5,5,12,104351,3,3,1,2,5,3,7,1,6,5,4,5,5,6,5,3,4,1,2,1,1,2,5,5,3,3,7,7,4,7,6,No,,,No,,,2,6,6,6,6,Woman,18,2,3,11,2,4
63,b,20/02/2016,12:06:15,20/02/2016,12:19:22,4,1,2,1,5,1,3,1,2,3,3,4,4,2,5,4,3,2,4,2,2,2,1,5,5,3,2,4,3,3,2,2,3,6,6,3,2,5,4,2,2,5,3,4,4,4,2,5,4,4,2,3,2,2,2,2,2,2,2,2,2,5,4,2,3,4,3,5,4,3,4,2,2,5,5,85156,5,4,2,4,5,4,3,5,5,4,4,3,5,2,5,3,5,5,3,4,4,4,5,3,3,3,7,6,6,7,6,Yes,No,6,No,,,4,5,4,5,5,Man,19,8,4,9,5,5
64,a,21/02/2016,15:57:16,21/02/2016,16:16:47,1,3,5,3,4,3,4,3,2,4,2,5,2,5,6,5,3,3,5,3,5,5,1,2,6,4,5,4,2,4,4,5,2,2,2,6,2,3,5,5,4,6,7,6,6,6,6,5,6,6,3,5,3,3,4,3,3,4,5,2,4,3,5,2,4,5,3,4,5,3,4,5,5,5,6,223854,4,6,6,6,3,2,2,6,6,4,2,2,5,2,2,5,5,2,5,3,3,4,3,7,7,7,3,3,3,3,1,Yes,No,5,Yes,No,5,2,5,5,5,5,Woman,19,8,3,7,5,2
65,b,21/02/2016,16:35:37,21/02/2016,16:51:36,3,3,4,3,3,3,3,3,5,2,2,4,3,1,5,5,4,3,6,5,3,5,1,6,1,5,4,2,1,4,5,2,1,1,2,4,1,1,3,1,1,7,6,6,4,4,4,6,6,6,3,5,3,4,2,3,3,3,5,6,3,2,6,4,5,5,4,4,4,3,6,5,6,6,2,37951,4,2,1,2,4,1,6,4,7,2,1,4,7,5,4,1,1,1,5,4,5,5,6,1,1,7,7,7,7,7,7,No,,,No,,,1,1,2,4,4,Man,23,2,2,3,2,2
66,c,21/02/2016,17:39:51,21/02/2016,17:55:18,3,1,3,2,5,1,3,4,3,3,3,4,1,3,4,3,5,4,3,6,3,5,1,4,5,5,4,3,3,5,6,4,2,3,4,3,2,2,4,3,4,6,4,4,6,5,5,7,5,5,4,5,5,4,5,4,4,5,4,3,4,3,4,6,3,4,4,3,4,3,4,3,4,3,3,218003,5,4,3,4,1,3,4,6,6,2,2,4,5,3,3,4,5,3,3,5,5,4,3,4,4,4,5,4,4,4,4,No,,,No,,,1,4,4,1,1,Woman,21,2,2,5,5,2
67,b,22/02/2016,4:11:02,22/02/2016,4:31:59,3,3,4,4,3,3,3,2,2,4,4,5,3,4,5,4,4,3,5,3,4,5,4,4,5,4,5,4,3,5,4,4,4,4,2,5,5,3,3,5,3,4,4,4,4,5,4,5,5,3,4,4,5,5,4,4,4,5,5,5,5,4,5,3,5,5,4,3,4,3,4,4,4,4,4,92000,4,5,5,5,3,5,4,3,3,2,3,2,5,3,3,3,5,4,5,4,4,4,5,4,4,5,6,7,7,7,7,No,,,No,,,4,3,3,4,3,Woman,18,6,3,2,2,5
68,a,22/02/2016,10:33:12,22/02/2016,10:47:01,3,1,4,1,5,1,3,3,4,3,2,5,3,4,5,,4,5,5,6,3,6,1,3,5,6,5,3,2,5,6,4,2,2,3,4,1,3,6,4,5,6,5,7,6,4,3,7,7,3,3,5,6,5,4,5,4,4,5,5,4,2,6,5,6,6,5,6,5,5,6,6,6,5,,,,,,,,,,,,,,,,,,,,,,,,,,,,,,,,,,,,,,,,,,,,,,,,,,,
69,c,22/02/2016,11:39:42,22/02/2016,11:47:54,4,2,4,3,4,3,,3,2,4,2,4,3,4,5,6,,4,,4,5,4,1,5,3,4,4,4,3,3,4,4,3,3,2,4,2,4,4,4,3,6,5,6,6,6,6,6,6,3,4,4,4,4,4,4,4,4,4,4,4,3,4,5,5,5,5,5,5,5,5,5,5,5,1,43428,5,4,2,2,5,5,6,6,6,3,3,,5,5,3,3,3,2,3,3,3,3,6,6,7,6,7,7,7,7,7,No,,,No,,,3,6,5,5,4,Man,22,2,3,11,5,5
70,a,22/02/2016,11:56:05,22/02/2016,12:19:34,2,3,4,3,4,3,3,2,2,4,2,5,2,3,5,5,4,4,4,5,4,5,2,4,3,4,5,3,4,3,4,3,2,4,3,4,2,2,4,4,5,5,6,4,5,3,5,6,6,4,5,5,5,5,4,3,3,4,4,5,5,2,5,4,5,5,4,4,5,5,5,5,5,5,10,81424,5,4,5,5,6,2,5,5,6,2,2,5,5,2,2,2,3,4,5,3,5,5,6,1,1,1,7,9,9,7,3,Yes,No,7,Yes,No,6,5,6,6,6,7,Woman,22,8,3,12,3,3
71,b,22/02/2016,13:25:59,22/02/2016,13:37:23,3,1,4,1,5,2,3,3,4,4,3,5,2,4,6,5,4,6,5,6,3,6,1,4,6,6,5,4,2,5,6,4,3,2,2,4,2,1,6,4,5,6,7,7,6,6,6,7,7,6,4,5,6,4,5,5,4,5,6,5,4,3,4,6,6,6,5,6,5,5,6,6,6,5,,,,,,,,,,,,,,,,,,,,,,,,,,,,,,,,,,,,,,,,,,,,,,,,,,,
72,b,22/02/2016,14:35:37,22/02/2016,14:51:34,2,2,3,3,4,2,3,4,4,4,3,3,1,1,4,3,3,4,3,5,4,4,1,5,5,4,4,3,2,5,4,2,3,1,3,2,6,1,4,2,4,4,3,1,2,1,3,5,5,4,4,5,4,5,4,5,3,5,5,6,4,2,3,5,3,4,4,5,4,3,4,5,5,4,12,80747,6,3,1,3,5,1,7,2,7,1,1,5,6,5,5,3,1,2,1,3,5,4,6,4,5,7,7,9,7,8,4,No,,,No,,,3,4,6,7,7,Woman,22,8,4,11,5,5
73,a,22/02/2016,15:20:35,22/02/2016,15:33:12,2,1,3,1,4,1,3,2,3,3,2,3,2,3,4,4,4,4,3,2,2,4,1,5,3,2,3,2,1,5,4,2,2,1,2,2,5,2,4,3,3,5,4,4,5,4,4,5,5,4,3,4,1,3,2,3,1,1,4,5,3,3,4,4,4,4,4,4,4,4,4,4,4,3,12,143066,3,4,4,5,4,1,6,4,7,4,2,2,4,5,5,3,5,4,4,4,4,5,3,4,5,3,5,4,5,5,3,No,,,No,,,2,4,5,4,5,Woman,21,2,2,7,4,1
74,c,22/02/2016,15:51:48,22/02/2016,16:15:17,3,3,4,3,4,2,4,2,2,4,2,5,2,3,5,4,3,4,4,4,3,4,1,5,2,4,5,3,3,4,5,3,4,3,3,4,4,2,4,4,4,7,7,6,6,6,6,2,7,3,5,5,5,5,5,5,5,5,5,5,5,1,5,4,5,5,3,5,5,4,5,5,,3,6,130574,6,7,6,6,3,6,7,1,4,7,6,,3,6,6,6,1,4,6,5,5,5,2,5,5,3,3,3,3,3,5,No,,,No,,,1,6,6,5,5,Woman,23,8,4,12,5,6
75,b,22/02/2016,16:32:43,22/02/2016,16:54:20,,1,,1,4,2,3,2,3,3,3,,1,5,4,4,2,4,4,5,3,4,1,4,3,5,4,3,3,4,5,4,3,3,4,4,4,2,4,4,4,5,5,4,5,3,4,5,5,4,4,5,4,5,3,4,3,4,5,5,4,3,4,3,4,5,4,3,4,3,4,4,4,3,6,123311,,5,3,4,5,5,6,3,5,3,3,4,5,5,5,4,3,3,5,4,3,5,5,4,4,3,6,6,5,5,6,Yes,Yes,7,No,,,4,5,5,5,6,Woman,22,8,4,12,5,5
76,c,22/02/2016,16:56:06,22/02/2016,17:12:50,1,1,4,2,5,1,4,2,4,3,2,5,5,5,6,6,2,2,5,3,5,4,1,3,1,4,5,3,4,4,4,3,2,1,2,4,3,3,4,5,2,6,6,6,6,6,6,2,2,6,2,4,3,2,2,2,1,1,2,2,4,4,2,1,4,4,2,4,2,1,2,5,5,3,6,66185,6,1,1,1,6,4,7,6,7,1,2,3,5,1,1,1,1,1,1,1,1,1,7,7,6,7,10,10,0,10,8,Yes,No,6,Yes,No,6,5,2,7,7,7,Woman,20,8,4,8,5,6
77,a,22/02/2016,18:30:52,22/02/2016,18:56:16,2,3,4,3,4,4,3,2,3,4,3,4,2,4,5,5,4,4,4,4,4,4,1,4,2,4,5,1,2,3,4,4,2,2,3,4,3,2,4,4,3,5,4,4,4,4,3,6,6,3,4,4,4,2,2,4,4,3,4,4,5,3,4,4,5,4,4,4,4,4,4,3,4,4,5,97893,5,3,1,2,5,6,1,7,1,1,1,1,1,4,4,4,6,1,1,5,3,1,6,1,1,1,6,2,2,6,5,No,,,No,,,2,4,5,5,5,Woman,19,8,3,2,4,5
78,b,22/02/2016,19:03:44,22/02/2016,19:30:50,2,4,4,2,4,4,3,4,3,3,2,5,3,3,4,5,4,3,4,6,3,4,1,1,3,6,5,2,2,5,5,5,3,1,2,3,2,2,3,4,3,4,5,3,6,2,4,5,5,2,5,5,6,5,5,4,2,6,4,5,5,2,2,1,3,4,3,5,4,2,3,2,4,4,12,239408,3,5,3,5,4,2,6,2,7,3,2,4,6,6,5,3,3,2,6,2,2,6,5,3,2,3,6,6,6,6,4,No,,,No,,,3,3,4,5,5,Woman,22,8,4,11,6,6
79,a,22/02/2016,19:04:51,22/02/2016,19:36:54,3,2,4,3,4,3,4,3,3,4,4,5,3,5,5,5,3,4,5,4,,4,1,4,6,5,4,4,3,4,4,4,5,3,2,3,3,3,5,5,5,5,6,5,5,5,6,5,6,5,2,4,4,5,4,4,3,4,4,5,3,4,3,5,4,5,4,4,5,5,4,5,4,4,20,53842,4,3,2,3,5,3,5,5,5,2,2,3,4,4,4,3,4,4,5,5,6,5,5,5,3,5,6,7,4,5,6,Yes,No,7,No,,,7,6,6,5,5,Woman,19,8,3,10,5,3
80,c,22/02/2016,21:38:24,22/02/2016,21:50:03,3,4,4,4,4,4,4,4,4,4,4,3,2,1,5,,5,5,3,5,4,5,1,5,6,6,5,2,1,5,5,4,4,1,2,5,2,2,2,2,5,2,3,3,3,4,3,6,6,2,5,5,5,5,5,5,5,5,5,5,3,3,4,2,4,4,4,4,4,2,4,5,5,4,13,149544,4,5,5,5,5,2,6,3,6,2,2,6,6,6,6,6,6,5,6,3,5,3,5,2,3,3,7,4,6,6,1,No,,,No,,,1,5,4,4,4,Woman,18,2,3,0,4,4
81,b,22/02/2016,21:42:14,22/02/2016,22:03:09,3,1,3,2,5,1,3,1,5,3,5,5,1,1,,3,5,5,3,6,2,4,1,6,5,6,4,3,1,6,6,3,4,1,5,4,1,1,1,1,6,7,5,4,5,5,1,7,6,4,6,6,5,6,6,5,4,4,6,6,5,1,6,5,6,6,6,5,6,4,,5,5,6,2,77400,4,3,1,3,4,1,4,7,6,,2,3,7,4,6,6,4,6,4,6,6,5,6,2,1,3,7,2,5,6,6,No,,,No,,,1,4,5,4,3,Woman,18,8,3,11,5,5
82,c,22/02/2016,21:49:47,22/02/2016,21:58:02,2,3,2,2,4,3,3,2,2,3,4,4,4,2,4,4,3,2,3,3,2,2,2,3,5,3,4,4,3,3,4,4,3,5,2,4,4,2,3,4,3,5,5,6,6,5,4,6,5,4,3,3,4,3,2,4,4,3,3,3,3,4,4,4,,4,3,4,3,2,4,4,4,4,20,49798,4,5,3,3,5,4,3,4,6,4,5,5,5,4,3,3,3,3,2,3,,,5,4,4,5,7,7,8,8,5,Yes,No,5,Yes,No,5,4,4,5,5,5,Man,20,2,3,0,0,0
83,a,22/02/2016,23:16:28,22/02/2016,23:39:12,2,3,4,2,5,2,4,3,4,4,2,5,2,3,6,4,5,4,5,2,6,4,1,4,2,5,5,4,3,2,5,4,2,2,4,5,1,3,5,3,2,6,1,4,,3,1,7,7,1,1,3,2,5,2,2,1,5,5,5,2,2,5,6,4,5,2,,1,1,5,4,3,5,12,97107,6,5,2,4,7,1,5,3,7,1,1,4,7,1,1,1,1,1,1,1,1,1,1,,2,7,10,10,10,10,2,No,,,No,,,6,6,7,7,7,Man,19,8,4,12,6,5
84,a,22/02/2016,23:28:58,22/02/2016,23:45:07,3,1,4,1,5,1,5,3,3,4,2,6,1,6,6,6,6,4,6,6,2,5,1,1,5,6,6,3,2,4,5,5,3,1,3,5,1,1,5,5,6,5,7,7,7,5,5,6,7,4,5,6,6,5,4,4,6,6,6,4,5,2,5,6,5,5,6,6,6,5,5,6,5,5,5,198273,5,4,3,4,3,2,7,4,4,4,2,4,6,7,7,7,7,1,4,2,2,2,5,1,4,2,7,7,7,7,5,No,,,No,,,1,7,7,5,5,Woman,19,2,3,6,5,6
85,c,23/02/2016,5:20:34,23/02/2016,5:35:50,3,3,3,2,4,2,4,2,2,4,4,3,2,1,6,6,4,6,5,5,3,5,1,6,1,5,2,2,1,6,5,2,5,2,4,2,2,1,5,2,3,6,6,6,4,5,4,7,6,4,2,2,2,4,3,2,2,4,3,5,4,4,6,5,5,5,4,3,6,2,5,6,6,4,2,77676,7,1,1,1,7,1,7,1,7,7,7,4,7,4,4,1,1,1,1,1,1,1,7,4,2,3,10,10,10,10,7,Yes,No,7,No,No,,7,7,7,7,7,Man,24,4,3,5,2,6
86,b,23/02/2016,10:39:40,23/02/2016,10:55:27,1,1,3,1,,1,3,2,2,5,3,4,2,5,6,4,2,4,4,5,3,5,1,4,2,5,5,2,2,4,5,4,2,1,1,5,1,2,5,3,5,5,6,4,3,2,2,6,6,2,3,4,5,5,2,4,2,5,6,5,5,2,4,5,2,3,4,4,2,3,4,4,4,3,18,67306,6,3,1,2,6,1,2,7,7,1,1,1,5,1,5,2,1,1,1,1,1,4,5,3,3,1,7,5,5,8,5,Yes,No,5,Yes,No,3,4,3,6,5,5,Woman,19,8,3,10,5,6
87,b,23/02/2016,13:12:43,23/02/2016,13:26:45,4,5,3,4,2,5,3,5,4,3,3,5,1,3,3,4,5,5,3,6,2,6,1,6,1,6,2,2,2,6,6,3,1,1,6,2,4,1,2,2,5,5,7,5,5,5,5,5,6,5,6,6,4,5,5,6,5,6,5,5,4,1,5,5,5,5,5,5,4,4,5,5,3,3,12,173993,6,5,5,6,3,2,7,1,7,6,2,6,2,6,6,6,2,5,6,6,6,6,2,2,2,2,8,6,6,6,3,No,,,No,,,3,5,3,4,4,Man,20,2,4,7,2,2
88,a,24/02/2016,12:32:25,24/02/2016,12:51:13,3,1,3,1,4,3,4,3,4,3,4,3,4,2,5,5,2,4,4,1,6,4,1,6,3,1,2,3,2,4,3,2,2,3,5,2,2,4,2,2,2,5,4,4,5,6,4,5,5,4,5,2,2,5,2,3,2,2,4,5,3,4,4,3,5,5,4,3,2,2,4,4,5,3,2,87990,6,3,2,3,5,1,6,2,6,2,1,6,6,5,5,2,2,2,2,3,3,2,6,6,6,6,8,7,7,8,4,No,,,No,,,1,4,5,6,6,Man,18,8,4,0,3,1
89,c,24/02/2016,13:02:31,24/02/2016,13:35:15,4,1,3,1,5,2,3,2,5,3,4,5,4,2,4,5,3,5,3,5,3,5,1,4,2,2,4,3,2,4,4,4,2,4,3,4,2,4,3,3,5,6,6,6,5,4,3,5,5,2,5,4,4,6,4,3,4,2,5,4,3,3,4,5,6,5,4,5,4,3,4,5,5,5,12,217770,6,3,3,4,6,2,7,3,7,5,2,5,5,5,5,3,2,2,4,2,2,5,6,7,6,5,8,9,9,8,6,No,,,Yes,No,6,3,6,6,6,6,Man,18,8,3,0,2,5
90,b,24/02/2016,13:52:32,24/02/2016,13:58:08,4,1,4,3,4,2,2,4,2,4,4,5,3,6,6,6,6,6,6,4,2,5,2,5,5,2,5,2,2,5,5,5,2,2,2,5,2,2,5,5,5,6,3,3,5,5,5,3,3,6,5,3,5,3,3,4,5,3,3,4,5,3,4,3,5,5,4,4,4,5,5,5,6,4,3,8568,6,4,5,6,6,6,1,1,1,2,3,3,2,2,2,3,2,2,3,2,3,3,4,4,4,3,7,5,5,6,6,No,,,No,,,1,3,5,5,5,Man,24,9,0,0,0,0
91,c,24/02/2016,14:31:15,24/02/2016,14:43:17,3,3,4,2,4,3,2,3,3,3,4,4,5,3,5,5,4,4,3,4,3,4,2,5,2,4,3,2,2,4,4,4,3,2,3,2,2,2,3,3,4,5,4,4,3,3,2,5,4,2,3,4,4,4,3,4,3,5,3,4,3,3,4,4,3,5,3,3,5,3,4,5,4,3,12,144065,5,3,2,4,4,1,6,6,6,2,1,3,2,4,4,2,3,2,4,3,3,3,5,4,5,5,6,7,6,6,4,No,,,No,,,4,5,4,4,3,Man,20,8,3,5,4,4
92,a,24/02/2016,18:20:38,24/02/2016,18:47:12,3,3,4,3,4,2,4,3,2,2,4,4,1,3,3,6,6,4,3,5,5,4,2,6,5,6,3,2,5,3,5,2,2,3,4,3,2,1,3,2,2,5,3,4,4,3,3,6,5,3,5,5,5,6,4,5,4,4,6,5,5,2,4,5,5,5,4,4,4,2,5,6,4,4,6,140233,5,6,6,6,4,1,6,1,7,1,1,3,6,2,3,2,4,2,5,2,2,3,4,5,6,6,6,6,5,6,4,No,,,No,,,1,6,5,4,6,Woman,20,7,2,4,4,2
93,a,24/02/2016,20:54:08,24/02/2016,21:07:41,3,1,5,1,5,1,4,3,1,5,1,5,3,5,6,6,5,4,6,6,3,5,1,5,3,5,4,2,2,5,2,5,4,3,1,5,2,3,3,4,4,5,5,5,6,6,6,5,6,4,5,5,4,5,6,4,6,5,5,5,4,2,5,4,4,4,3,3,3,3,3,5,4,4,17,41574,5,3,2,3,4,2,3,7,4,2,3,2,5,5,5,5,6,4,4,3,2,4,5,3,7,4,5,3,3,5,3,Yes,No,5,No,,,1,1,1,5,2,Woman,18,0,2,7,5,5
94,c,25/02/2016,17:23:47,25/02/2016,17:41:22,4,1,3,1,,1,3,4,4,4,1,5,2,6,5,4,4,4,5,5,3,4,1,2,2,4,5,4,2,5,6,5,1,2,5,5,2,2,5,5,2,7,5,5,7,4,3,6,6,1,5,6,4,4,4,4,4,4,5,4,5,2,5,5,5,5,5,5,3,4,5,5,5,5,18,427158,6,7,4,6,5,3,7,6,5,6,2,7,6,6,,7,7,4,6,3,3,6,6,5,3,5,8,7,7,7,6,No,,,No,,,1,7,7,6,6,Woman,19,2,2,2,5,4
95,b,25/02/2016,17:49:09,25/02/2016,18:57:32,3,1,3,3,5,3,3,5,4,4,4,4,4,3,3,4,,4,4,,3,3,3,4,4,3,3,3,3,4,4,4,4,4,4,4,4,4,4,4,4,4,4,4,4,4,4,4,4,4,4,4,3,4,3,4,3,4,3,4,3,4,3,4,3,4,3,4,3,4,3,4,3,4,13,29815,5,,2,3,4,4,4,4,4,4,4,4,4,4,4,4,4,4,4,4,4,4,4,4,4,4,5,6,5,5,6,No,,,No,,,1,3,2,,3,Woman,18,2,4,9,2,4
96,a,26/02/2016,13:15:13,26/02/2016,14:45:50,2,4,4,4,3,4,3,2,3,4,2,3,1,2,5,5,5,5,5,5,4,5,1,6,5,3,5,5,2,6,5,4,4,2,4,4,2,2,5,5,5,6,6,5,6,7,7,7,7,7,6,6,6,4,4,4,3,4,5,5,5,1,6,6,6,6,6,6,6,6,6,6,6,6,20,857858,5,2,3,3,6,1,3,6,6,5,3,5,6,3,5,3,6,3,3,3,3,6,6,6,5,5,9,9,9,9,9,No,,,No,,,2,5,5,4,4,Woman,20,8,2,6,2,4
97,c,26/02/2016,15:10:32,26/02/2016,15:20:33,1,1,3,2,4,1,4,1,1,4,1,5,3,4,5,5,4,4,4,4,3,4,1,2,5,4,4,3,2,5,5,4,3,1,2,4,2,3,3,4,4,6,3,4,5,3,4,5,5,3,3,5,4,2,3,2,3,3,4,2,4,2,4,5,2,4,2,1,2,1,4,4,3,2,6,64324,4,3,1,4,4,2,6,3,6,2,1,5,5,3,4,2,2,3,1,2,3,2,5,5,3,5,7,7,6,7,7,No,,,No,,,1,5,5,4,5,Woman,20,2,3,8,4,5
98,b,26/02/2016,15:29:34,26/02/2016,15:48:39,3,4,3,4,3,3,3,3,4,2,2,5,2,4,6,5,5,2,4,6,6,6,1,4,2,6,6,1,2,6,6,3,2,2,6,6,2,1,3,4,2,5,5,4,3,3,3,6,6,2,4,5,4,4,4,5,4,4,5,5,5,2,5,5,5,5,5,5,4,5,5,5,6,5,12,119043,6,3,1,3,4,2,7,3,7,5,1,5,5,5,5,4,2,2,5,2,2,5,5,6,7,5,7,8,7,7,5,No,,,No,,,2,6,6,6,6,Woman,21,8,4,10,4,4
99,c,26/02/2016,16:18:28,26/02/2016,16:37:09,3,2,4,2,4,1,5,3,3,5,1,5,1,5,6,6,2,4,3,5,2,4,1,3,5,5,6,3,5,5,6,4,3,4,4,6,2,1,5,3,1,5,7,6,7,3,4,7,6,7,4,6,6,5,6,5,1,2,2,6,5,1,5,6,5,5,5,4,3,5,5,3,4,5,5,112415,4,5,2,4,5,1,7,2,7,5,2,6,7,4,1,7,1,6,5,2,4,4,6,3,4,3,9,8,6,10,5,No,,,Yes,No,6,4,5,6,7,6,Man,19,8,4,11,3,3
100,a,27/02/2016,20:47:24,27/02/2016,21:00:03,3,4,,1,4,4,4,2,2,5,1,6,5,1,1,4,1,1,1,1,1,1,1,4,1,1,1,1,1,1,1,1,1,1,1,1,6,1,6,1,1,7,7,7,7,5,5,1,1,1,1,1,1,1,1,1,1,3,1,1,1,6,1,4,1,4,1,4,1,6,1,6,6,6,5,39662,7,1,1,1,7,1,1,7,7,1,1,1,1,1,1,1,1,1,1,1,1,1,7,,1,1,10,10,10,10,10,No,,,No,,,1,7,3,5,6,Man,20,8,1,3,2,5
101,b,27/02/2016,21:15:49,27/02/2016,21:39:46,2,3,3,4,4,3,3,2,4,3,4,4,4,2,4,5,2,5,5,4,3,5,2,2,5,4,6,2,3,4,4,3,5,1,4,4,3,6,5,4,4,5,5,4,5,4,3,5,6,4,4,6,6,5,3,4,4,4,5,5,,2,3,1,2,2,3,4,4,4,4,4,3,4,3,90339,2,4,3,4,2,1,6,5,7,5,1,4,6,2,2,2,1,4,5,4,4,3,2,6,5,5,7,7,6,6,6,Yes,No,7,Yes,No,7,5,4,6,4,4,Woman,19,8,4,12,4,3
102,a,28/02/2016,0:15:09,28/02/2016,0:34:29,3,1,4,1,4,1,3,2,3,4,2,5,2,4,5,5,3,4,5,4,3,4,1,3,2,4,4,3,2,3,3,3,2,2,2,3,1,2,5,4,4,6,4,4,5,4,2,4,5,2,4,4,4,5,2,3,4,4,4,4,4,3,4,3,4,4,3,4,4,2,4,5,5,5,11,164587,4,5,6,4,3,1,6,1,7,5,3,6,3,6,6,4,3,2,4,2,2,1,4,3,3,2,5,5,,5,4,No,,,No,,,2,6,7,6,6,Woman,21,0,2,0,5,4
103,c,28/02/2016,15:57:08,28/02/2016,16:12:42,3,1,4,1,5,1,4,2,2,4,2,4,1,3,5,5,6,4,4,6,3,5,1,6,5,6,4,4,3,6,6,3,3,3,3,4,1,2,4,4,5,7,7,6,7,5,5,7,6,5,5,6,5,5,4,5,3,5,6,5,3,2,6,5,5,5,5,4,6,5,6,6,5,4,12,103737,5,4,2,4,4,3,6,2,5,2,3,2,5,5,6,5,3,3,6,3,3,6,5,4,3,5,7,4,6,6,6,No,,,No,,,3,5,5,6,6,Woman,18,8,3,11,2,3
104,b,29/02/2016,0:03:06,29/02/2016,0:32:27,2,5,4,5,4,4,4,4,5,4,3,5,2,2,6,6,5,5,4,6,2,6,1,6,1,6,6,3,2,6,6,5,6,1,4,6,1,1,2,4,6,7,7,7,5,6,5,7,7,6,6,6,6,6,6,6,6,6,6,6,6,1,6,6,4,6,6,5,6,6,6,6,6,6,5,113664,7,2,4,4,6,1,3,6,7,2,2,3,7,7,7,5,1,2,5,3,5,6,7,5,1,1,10,7,7,9,8,No,,,No,,,1,4,4,2,1,Woman,18,2,2,4,3,1
105,b,29/02/2016,15:17:54,29/02/2016,15:46:19,1,2,4,3,4,2,4,1,4,4,1,5,5,2,5,4,2,2,5,4,6,4,1,4,5,4,3,3,2,3,3,2,4,2,2,5,2,2,4,4,2,4,5,5,5,3,2,7,6,5,4,5,5,4,4,4,3,4,5,5,4,3,4,2,4,4,5,4,4,5,5,5,6,5,2,131733,5,4,2,2,5,1,6,2,6,2,1,2,2,2,3,1,2,4,4,3,4,2,5,5,5,3,7,7,6,7,6,No,,,No,,,4,4,5,5,4,Woman,20,8,3,12,6,2
106,a,01/03/2016,2:07:26,01/03/2016,2:38:34,1,2,4,4,5,1,3,4,2,5,1,6,2,3,4,6,5,6,5,4,2,5,1,4,2,4,4,3,1,5,5,5,1,2,2,4,1,2,5,5,3,6,5,5,4,3,3,4,6,4,1,2,1,2,1,2,2,1,2,4,2,4,2,6,3,3,1,4,1,2,4,3,4,3,17,266022,2,3,1,2,4,1,6,4,7,1,1,2,7,1,1,1,1,2,2,3,2,1,6,7,2,6,7,4,7,7,1,No,,,No,,,4,7,7,7,6,Man,18,2,2,5,5,6
107,c,01/03/2016,14:20:10,01/03/2016,14:35:04,2,2,3,3,4,1,2,5,4,3,4,5,1,3,5,5,6,4,4,5,3,6,1,5,2,6,4,2,2,5,6,3,2,1,5,5,2,1,3,3,5,6,5,5,4,3,3,6,6,4,5,6,6,6,4,5,5,4,5,5,4,3,6,6,5,6,6,4,6,6,6,5,6,6,18,61590,7,1,1,1,7,2,3,6,7,2,2,2,6,2,2,2,6,6,6,6,6,6,7,3,3,6,7,5,8,7,8,No,,,No,,,1,2,2,4,5,Woman,18,4,3,11,5,5
108,a,02/03/2016,3:21:33,02/03/2016,3:57:08,4,5,3,5,4,3,3,4,5,5,4,4,4,2,5,4,6,5,4,5,3,4,2,5,6,6,4,2,3,6,6,4,3,3,4,6,5,3,2,3,5,6,6,4,5,5,6,7,7,5,5,6,6,5,6,6,6,6,6,5,6,2,6,5,6,6,4,5,5,3,5,6,5,5,13,386009,6,6,5,5,5,3,6,2,5,4,2,5,5,3,4,5,6,5,3,5,5,5,4,5,3,3,6,6,6,6,6,No,,,No,,,1,5,4,3,4,Woman,18,2,2,2,2,5
109,b,02/03/2016,11:47:20,02/03/2016,17:15:15,3,,4,4,3,3,5,2,4,3,3,4,2,4,5,5,5,4,4,6,3,6,4,3,4,4,4,2,2,6,6,4,,1,2,3,2,4,4,3,4,4,5,5,7,5,5,1,1,4,3,4,6,6,3,4,4,3,4,3,4,3,4,4,3,4,3,4,3,4,5,2,3,4,17,65023,4,3,2,5,5,5,4,4,3,4,1,3,6,5,2,2,6,5,5,5,6,1,4,1,1,1,5,6,3,5,7,No,,,No,,,2,3,4,4,4,Woman,19,8,4,10,4,6
110,c,02/03/2016,12:06:52,02/03/2016,12:19:02,3,3,3,2,4,2,3,4,3,4,3,3,2,3,6,3,6,6,5,4,1,3,2,3,1,4,5,2,1,3,4,3,4,2,6,4,1,1,6,4,4,6,7,2,6,4,4,7,6,4,4,4,4,3,3,5,4,4,4,5,3,2,6,5,5,5,4,5,5,4,5,4,4,3,11,113764,4,3,4,3,5,5,5,3,7,2,4,5,7,2,5,3,2,2,3,6,5,2,5,5,6,7,6,2,2,6,2,Yes,No,4,No,,,1,2,7,6,2,Woman,20,8,4,11,3,5
111,a,02/03/2016,16:38:09,02/03/2016,17:07:45,4,1,2,1,5,1,3,2,3,2,3,5,1,2,4,2,4,5,2,6,2,5,1,5,5,6,2,4,2,6,6,4,2,4,4,4,1,1,2,2,6,6,7,4,5,5,5,6,7,7,6,6,5,6,2,2,2,2,6,6,5,1,6,6,6,6,5,5,5,5,6,4,5,5,10,109025,6,2,1,2,5,1,2,7,7,2,1,3,7,1,1,1,1,1,1,1,1,1,6,1,1,1,9,9,9,9,1,Yes,No,7,Yes,No,6,6,7,7,7,7,Man,20,2,3,1,4,3
112,b,02/03/2016,20:12:30,02/03/2016,20:38:33,3,4,3,2,4,3,3,3,3,4,2,2,3,2,4,4,3,4,3,4,4,4,1,5,3,3,4,3,3,4,4,3,4,2,3,3,3,3,3,3,4,5,4,5,3,5,4,5,5,4,4,3,4,4,3,4,4,5,4,4,4,3,4,4,5,5,5,5,5,5,5,5,4,4,5,103050,5,3,3,3,5,2,5,4,5,5,3,3,4,4,5,3,5,4,5,4,5,3,5,4,3,4,7,7,7,7,2,No,,,No,,,2,3,4,3,5,Man,18,8,3,9,5,6
113,c,02/03/2016,20:55:23,02/03/2016,21:08:43,2,2,5,2,4,3,4,2,2,4,2,5,2,5,6,5,6,6,5,6,3,5,1,3,6,5,6,4,1,6,6,6,3,1,1,5,1,1,5,5,4,6,5,,6,3,2,6,7,1,2,5,2,3,2,2,5,5,5,4,5,1,5,5,2,4,2,1,2,2,5,5,5,4,6,146594,7,7,7,7,7,2,7,1,,7,2,7,6,6,4,,5,2,5,,2,1,7,6,2,4,10,10,10,10,5,No,,,No,,,7,7,7,7,7,Man,19,2,3,3,6,6
114,b,02/03/2016,20:58:39,02/03/2016,21:14:40,2,3,3,3,4,3,2,3,3,3,3,3,3,2,5,5,5,5,4,4,5,5,1,4,2,4,3,4,3,5,4,3,4,3,4,5,3,3,4,3,4,5,6,5,5,6,6,7,5,5,3,3,5,5,3,4,3,4,4,6,5,3,5,5,4,4,,4,5,4,5,5,5,5,5,57629,7,4,3,3,4,4,7,6,7,2,4,5,6,4,5,3,4,3,6,6,6,7,6,7,3,3,5,4,6,5,3,No,,,No,,,1,3,3,4,4,Woman,22,9,3,6,5,2
115,a,03/03/2016,10:00:53,03/03/2016,10:19:07,3,4,5,3,2,3,4,3,2,3,4,4,3,3,5,5,4,4,4,5,4,4,1,4,5,5,6,4,3,4,5,4,4,3,2,3,1,3,3,4,4,5,4,4,6,5,4,5,5,4,3,4,4,5,4,3,4,4,4,4,4,3,4,3,5,5,5,5,5,5,4,4,5,4,17,57956,4,3,1,3,3,1,4,5,7,2,1,2,5,3,3,2,4,2,5,2,2,2,5,2,2,2,7,7,7,7,3,Yes,No,7,No,,,4,4,5,5,5,Man,19,8,4,11,5,2
116,c,03/03/2016,18:05:56,03/03/2016,18:23:12,4,3,3,3,5,3,3,3,4,3,4,,2,3,4,3,3,4,2,5,3,4,1,4,1,4,4,2,2,5,5,3,4,2,5,3,3,2,4,3,4,3,3,4,3,5,3,3,4,,6,6,5,5,4,5,4,6,6,5,5,1,5,4,4,4,3,5,5,5,5,6,6,5,11,117724,5,5,4,5,3,2,5,6,7,5,2,2,6,6,6,3,3,6,6,6,7,5,4,6,6,5,6,3,5,6,7,No,,,No,,,6,5,5,4,5,Woman,20,2,2,5,3,2
117,a,03/03/2016,18:28:32,03/03/2016,18:52:00,5,3,3,2,4,2,4,3,2,4,3,4,2,3,6,4,2,3,4,4,3,4,1,4,2,4,3,4,3,3,3,3,3,2,3,2,2,3,4,4,5,5,5,4,6,5,4,6,7,4,5,5,6,6,3,2,6,5,6,6,4,1,5,3,2,2,4,4,5,6,4,3,5,4,5,356004,4,5,4,4,5,2,4,5,5,2,2,3,5,3,3,3,2,2,5,3,3,4,4,1,2,2,6,5,6,6,3,Yes,No,5,No,,,3,6,6,5,4,Woman,20,8,3,11,5,3
118,b,03/03/2016,20:09:17,03/03/2016,20:56:05,3,1,4,3,5,2,3,3,4,3,2,4,3,4,5,,3,2,4,5,3,4,2,6,5,6,4,3,3,4,4,4,3,6,4,3,3,3,2,3,4,5,3,4,5,3,4,3,3,4,4,5,5,4,4,5,4,5,4,4,4,3,4,4,4,,4,3,3,3,4,5,5,4,16,692209,5,5,5,4,3,3,4,5,7,3,3,3,5,5,3,4,3,3,5,3,3,3,5,6,6,7,6,3,4,5,3,No,,,No,,,1,5,5,3,4,Woman,18,6,2,3,4,6
119,c,04/03/2016,2:49:44,04/03/2016,3:04:19,3,3,2,4,,,3,,,2,4,5,5,1,4,4,1,5,4,6,6,6,1,2,1,3,4,1,1,6,5,3,4,1,5,3,1,5,3,3,6,5,4,7,5,2,4,5,6,3,2,,2,5,5,4,2,4,5,,3,2,4,2,1,4,3,3,2,1,4,4,4,5,17,83000,6,4,1,2,3,2,6,2,7,1,1,2,7,1,1,1,1,2,5,2,2,1,6,7,7,3,8,6,5,8,5,No,,,No,,,4,2,2,2,2,Man,21,2,0,0,1,1
120,a,04/03/2016,12:08:42,04/03/2016,12:22:32,2,4,4,3,3,3,4,4,2,5,1,5,3,4,5,5,4,4,5,5,4,5,1,3,3,3,5,3,2,4,4,4,4,2,2,4,3,3,5,5,5,5,6,6,5,3,4,4,5,4,2,3,3,2,3,3,4,4,4,4,4,5,4,4,3,4,2,3,3,2,3,3,3,4,5,93362,4,3,3,4,5,1,4,5,7,2,1,3,6,5,5,3,3,4,4,4,4,3,5,4,3,3,7,8,6,6,4,No,,,No,,,5,5,6,6,6,Man,18,8,4,11,4,6
121,b,04/03/2016,13:30:24,04/03/2016,14:00:55,4,1,3,1,4,2,3,1,4,5,3,2,3,4,5,5,2,2,4,4,5,4,1,5,1,2,3,1,2,3,3,5,3,2,3,5,2,3,2,3,4,5,3,3,3,3,3,6,5,3,3,3,4,5,2,4,4,5,5,5,3,2,4,5,5,5,5,5,5,5,5,4,5,4,6,279895,6,4,3,4,5,1,7,3,7,3,1,3,7,2,4,5,3,3,5,4,4,5,6,6,5,7,7,8,7,7,5,Yes,Yes,7,Yes,Yes,7,6,6,6,4,6,Man,23,8,4,11,5,6
122,b,06/03/2016,12:43:51,06/03/2016,13:02:26,3,4,3,4,4,3,2,1,4,3,3,4,2,2,4,3,4,2,3,5,5,3,1,4,2,5,4,3,2,4,4,2,3,3,3,4,1,5,4,3,4,5,5,4,6,5,3,4,3,2,4,4,4,4,3,4,5,3,4,4,3,2,3,6,5,5,6,5,6,6,4,4,5,3,9,161957,6,5,2,3,5,4,7,2,5,3,2,5,5,3,5,2,3,2,3,2,3,3,6,5,,3,8,7,7,7,6,No,,,No,,,4,5,5,4,6,Woman,18,8,4,12,6,6
123,c,06/03/2016,17:04:49,06/03/2016,17:20:40,3,1,5,1,5,1,3,5,5,2,4,3,1,2,6,3,5,4,3,6,3,6,1,5,4,6,2,1,4,3,4,5,2,1,4,6,3,1,3,2,5,7,1,5,6,2,1,7,7,4,5,6,6,6,5,6,5,6,6,6,6,1,6,6,5,5,4,5,5,5,6,6,5,5,11,110964,5,7,7,7,3,5,7,2,2,6,5,6,5,7,7,6,6,7,7,3,6,7,2,3,3,2,0,3,3,3,4,No,,,No,,,2,7,5,5,6,Woman,19,9,4,12,6,5
124,a,07/03/2016,11:23:30,07/03/2016,11:35:30,3,1,4,1,5,1,3,1,3,4,4,1,1,5,5,1,4,4,1,6,2,5,1,2,6,6,4,4,2,6,6,5,4,2,5,5,1,1,6,1,5,3,1,1,1,1,1,7,5,4,6,6,6,1,4,4,4,4,6,2,6,2,6,6,4,5,5,5,5,5,5,5,5,5,12,183075,6,4,2,3,1,1,7,1,7,1,1,6,7,2,1,4,3,2,1,1,,1,5,6,6,6,8,2,5,6,6,No,,,No,,,1,3,3,1,3,Woman,20,2,3,8,5,5
125,c,08/03/2016,16:20:22,08/03/2016,16:28:22,4,1,4,2,4,3,5,3,2,4,3,4,2,2,3,2,3,3,4,5,4,4,1,4,2,4,2,3,3,4,5,4,3,3,3,4,2,1,3,3,4,4,3,4,5,3,3,5,5,3,4,4,4,4,4,4,4,4,4,4,3,3,3,4,4,4,3,3,4,4,4,3,3,3,6,35905,1,4,3,4,1,4,4,6,5,2,3,2,6,3,3,3,4,1,1,1,1,1,4,5,5,5,0,1,2,2,3,No,,,No,,,1,2,2,1,1,Woman,18,8,4,11,5,8
126,a,08/03/2016,16:31:27,08/03/2016,16:47:34,2,1,3,1,5,1,4,3,2,4,1,4,3,2,5,4,4,5,3,4,4,5,1,4,5,3,5,2,2,5,4,5,3,3,4,2,1,2,4,2,4,6,3,7,5,6,4,7,7,3,4,6,4,5,3,2,1,3,4,3,4,3,6,5,6,5,6,5,5,5,6,5,4,5,12,133498,2,3,4,3,1,2,7,3,7,3,5,6,6,3,5,2,3,6,2,5,6,2,5,5,2,4,3,2,3,4,2,No,,,No,,,1,5,6,5,5,Woman,22,8,3,0,6,7
127,b,08/03/2016,16:32:02,08/03/2016,16:55:11,2,1,3,2,5,1,4,1,2,5,4,4,2,4,5,5,4,4,4,6,4,4,6,4,4,4,4,3,1,5,5,4,1,1,3,4,3,3,4,5,6,7,6,6,6,5,5,5,3,4,4,5,4,5,5,5,4,3,6,5,4,1,4,6,4,4,6,4,6,2,4,3,4,4,12,104521,1,4,4,4,2,1,7,1,4,2,5,2,4,4,4,5,5,3,5,4,3,4,5,5,2,6,6,6,5,6,3,No,,,No,,,2,6,5,5,5,Woman,22,8,3,11,2,2
128,b,08/03/2016,20:17:51,08/03/2016,20:33:00,1,3,5,5,2,5,5,4,2,5,1,6,1,3,6,6,6,6,6,6,1,6,3,1,2,5,5,2,6,1,1,1,1,1,1,1,1,1,1,6,1,7,7,7,7,7,7,3,7,7,2,2,2,2,3,2,1,2,2,2,1,2,2,2,2,1,1,6,1,1,6,6,2,6,19,119127,7,1,1,1,7,5,7,1,1,,5,5,2,1,1,1,1,1,1,1,1,1,1,1,4,1,10,0,10,10,5,No,,,No,,,1,1,5,5,5,Man,18,2,4,11,4,5
129,a,08/03/2016,21:33:11,08/03/2016,21:49:54,3,4,4,1,5,2,4,3,1,4,2,4,2,3,5,5,2,2,4,5,5,4,1,4,5,4,4,4,3,5,5,4,3,2,3,5,2,4,5,3,2,6,4,5,6,4,4,5,6,3,3,3,3,4,4,4,3,4,5,4,3,4,4,5,4,4,4,3,3,2,4,5,5,4,2,63689,6,3,1,2,6,2,3,6,6,2,2,2,6,4,5,4,2,2,3,2,4,3,6,5,5,2,8,8,8,8,3,No,,,No,,,6,5,4,4,4,Man,18,8,3,9,3,4
130,c,08/03/2016,22:23:24,08/03/2016,22:32:38,3,2,2,2,,5,3,2,5,1,5,1,1,1,5,,6,6,2,6,1,6,1,3,1,6,2,1,1,6,6,5,6,3,3,5,1,1,1,1,6,5,3,3,7,6,3,2,2,2,5,5,2,1,2,3,3,6,2,2,4,2,2,5,1,4,3,3,3,6,2,3,4,3,19,30332,7,1,1,1,7,2,1,7,7,1,1,1,7,1,1,1,1,4,3,4,5,5,3,7,7,1,10,5,7,8,1,No,,,No,,,1,1,2,1,3,Woman,18,4,3,8,2,4
131,a,09/03/2016,19:50:43,09/03/2016,20:15:05,2,3,3,2,5,3,3,3,2,4,2,4,2,3,5,5,4,4,4,4,2,4,1,4,4,4,6,4,2,4,5,4,2,2,3,3,2,1,5,4,5,5,4,4,4,4,4,4,4,4,4,3,4,3,4,3,4,3,4,3,4,3,4,3,4,3,4,3,4,3,4,3,4,3,2,97455,6,5,3,4,5,4,5,4,4,3,3,3,4,4,4,4,4,4,4,4,4,4,4,4,4,4,5,5,5,5,5,No,,,No,,,4,4,4,4,4,Woman,18,9,4,12,4,7
132,b,09/03/2016,23:09:04,09/03/2016,23:26:17,2,4,4,4,3,3,4,3,3,3,2,4,3,3,4,5,2,4,3,4,5,4,1,4,1,4,2,2,2,4,2,2,3,2,3,3,2,3,4,3,4,5,5,4,4,3,4,2,2,4,4,4,4,5,2,4,2,4,5,4,4,3,5,2,3,3,2,2,3,2,4,4,4,4,18,120665,5,4,2,4,4,3,5,3,5,2,3,3,3,2,6,3,3,2,2,2,2,2,5,3,3,3,6,3,4,7,4,No,,,No,,,4,5,5,5,5,Woman,18,8,4,10,4,6
133,c,10/03/2016,13:19:23,10/03/2016,13:39:22,2,4,4,2,3,4,3,3,3,3,3,4,1,4,5,5,4,4,4,5,3,4,1,5,2,4,3,3,3,5,5,3,3,1,4,4,1,1,6,4,4,5,6,5,6,5,5,6,7,4,3,5,5,4,3,4,3,3,4,4,4,3,5,5,5,5,4,5,5,5,5,1,6,4,12,285323,6,5,3,3,4,1,7,1,7,1,1,2,7,7,7,4,1,4,2,5,1,4,4,1,1,1,7,6,6,5,4,No,,,No,,,4,7,7,5,6,Woman,19,7,4,11,5,6
134,b,10/03/2016,15:34:36,10/03/2016,22:16:18,2,4,3,5,4,4,4,3,2,3,2,3,3,2,5,3,4,4,5,6,2,6,1,4,3,6,4,4,3,5,6,4,1,4,2,5,3,3,4,3,5,7,3,5,6,3,4,5,5,4,3,5,4,2,3,3,2,4,5,4,4,2,4,3,3,4,4,4,4,3,6,5,6,5,12,33886,1,2,4,2,1,2,6,4,6,1,1,4,4,4,4,3,6,5,4,5,4,4,3,7,7,7,5,5,6,4,3,No,,,No,,,1,3,5,4,3,Man,18,2,3,0,2,4
135,c,11/03/2016,9:31:46,11/03/2016,9:46:20,3,3,5,3,5,2,5,4,4,4,2,6,6,5,5,5,2,4,6,4,5,4,1,2,2,4,5,5,3,4,3,5,2,1,1,5,1,5,5,6,6,7,7,7,7,6,6,7,7,6,3,4,5,6,4,4,6,4,5,6,5,4,2,4,5,5,5,5,3,5,4,6,6,5,6,100450,5,3,1,3,6,1,5,3,7,2,1,3,6,3,2,2,2,2,2,2,2,2,7,5,5,7,10,10,10,10,8,No,,,No,,,1,5,5,5,5,Woman,21,9,4,12,7,6
136,b,11/03/2016,10:29:35,11/03/2016,10:58:47,4,4,3,5,1,2,4,5,3,2,3,5,3,4,6,4,4,6,3,6,4,5,4,5,3,4,5,4,3,3,4,5,5,6,4,3,4,2,4,5,5,5,7,7,3,2,1,6,5,1,3,4,5,5,2,3,4,4,3,4,5,4,6,4,2,3,5,4,5,5,5,4,4,2,18,44054,6,1,1,1,7,3,5,6,2,5,5,7,7,2,5,6,4,5,5,6,6,4,7,7,5,6,7,0,9,9,9,No,,,No,,,1,6,7,7,7,Woman,24,2,4,10,3,5
137,c,11/03/2016,13:16:59,11/03/2016,13:36:12,3,2,4,1,5,1,3,3,5,3,2,4,1,3,6,5,5,4,4,6,5,5,1,4,1,6,5,1,2,4,6,4,2,1,4,5,1,1,5,4,4,6,6,5,6,6,5,6,7,4,4,5,4,5,4,4,4,4,5,5,4,3,4,2,4,4,3,4,5,3,4,2,5,5,5,83860,4,3,3,4,1,1,2,6,6,2,2,2,5,5,2,2,2,7,4,5,6,4,5,4,3,2,6,2,5,6,7,No,,,No,,,6,5,5,5,5,Woman,20,8,3,4,5,1
138,a,12/03/2016,15:26:27,12/03/2016,15:38:00,2,,,4,4,2,4,4,2,3,3,4,3,2,4,3,4,4,5,4,3,2,2,3,6,3,3,3,3,2,2,3,2,3,2,2,2,4,4,3,2,6,,3,3,4,3,5,5,3,3,4,3,4,4,3,5,4,3,4,2,2,4,3,,4,4,2,4,4,5,5,5,5,18,60070,6,1,1,1,6,1,5,3,2,2,3,3,5,1,2,1,2,2,2,1,1,1,6,3,2,3,8,8,8,9,7,Yes,No,6,Yes,No,6,7,7,7,7,6,Man,21,2,3,11,4,4
139,a,12/03/2016,22:34:53,12/03/2016,23:34:48,4,2,3,3,4,2,3,1,2,2,5,3,1,2,4,5,6,5,3,6,3,6,1,5,3,4,4,3,2,5,6,4,3,2,4,4,2,1,1,3,4,5,5,2,6,5,3,5,4,3,3,5,2,4,3,5,4,4,5,5,3,3,4,5,5,6,3,2,4,3,4,4,4,3,7,194014,4,3,2,3,4,1,2,6,7,1,1,3,4,5,4,2,2,2,2,2,2,2,4,1,3,5,5,4,4,5,2,Yes,No,3,Yes,No,2,4,5,5,4,5,Woman,21,8,2,6,4,1
140,c,13/03/2016,16:23:18,13/03/2016,16:32:01,3,3,4,3,4,3,4,4,3,4,2,5,2,5,5,5,5,4,4,4,3,5,2,4,3,3,5,3,3,6,4,4,3,3,4,4,2,3,5,4,4,4,3,3,4,3,3,5,5,3,5,5,5,5,4,4,4,4,5,5,5,5,5,5,3,3,3,4,5,4,4,4,3,5,6,42369,6,3,3,3,5,3,5,5,5,3,3,3,5,3,3,3,3,3,3,3,3,1,6,6,6,7,8,8,8,,6,No,,,No,,,3,5,5,4,4,Woman,19,2,3,6,5,5
141,b,13/03/2016,21:03:28,13/03/2016,21:18:58,3,3,4,,3,3,3,2,2,3,2,3,2,1,5,3,4,3,3,5,6,4,1,4,6,5,3,2,1,3,5,2,3,2,6,5,2,1,3,3,2,5,4,4,3,4,4,2,5,4,2,2,4,2,1,2,1,5,4,3,2,4,2,4,2,4,2,3,2,5,4,6,5,4,20,193378,5,4,2,3,4,1,5,3,7,1,1,6,5,1,4,1,5,2,5,1,2,1,4,1,1,1,6,6,6,6,5,No,,,No,,,1,4,5,5,6,Woman,22,8,4,8,4,4
142,a,13/03/2016,21:22:31,13/03/2016,21:58:10,2,1,4,3,5,2,4,3,4,3,4,3,2,3,4,5,2,3,4,4,5,4,1,4,5,5,4,3,3,5,4,3,4,3,4,4,2,3,3,3,5,3,2,4,4,3,2,5,4,2,5,4,3,5,3,4,4,5,6,5,4,3,4,2,3,3,3,3,4,3,3,4,4,5,12,287523,4,5,4,4,3,1,6,3,,3,1,3,4,5,5,4,1,3,6,3,3,4,5,7,7,7,7,7,5,4,4,No,,,No,,,1,5,3,4,2,Woman,21,8,3,10,5,5
143,b,14/03/2016,0:18:37,14/03/2016,0:28:09,1,4,5,5,5,5,4,3,3,4,3,4,3,2,6,6,6,6,6,6,4,,1,4,3,5,6,3,1,6,6,4,4,3,1,4,2,1,4,6,6,5,6,7,7,4,7,7,5,5,2,2,,1,1,2,3,4,3,4,3,2,4,5,5,6,5,5,6,5,4,5,6,6,17,38267,7,1,1,1,7,1,4,7,7,1,1,1,1,7,7,3,2,1,1,1,1,1,7,1,1,1,10,10,10,10,5,Yes,No,7,No,,,7,7,7,5,6,Man,23,2,3,8,2,2
144,c,14/03/2016,12:47:12,14/03/2016,12:59:53,1,1,5,2,5,2,3,2,3,5,5,6,1,6,6,5,4,2,6,5,3,5,1,1,3,5,5,3,3,4,5,6,3,2,2,4,2,1,4,6,6,6,7,7,7,4,4,6,5,3,2,3,4,2,4,3,5,3,6,2,4,1,3,4,3,,3,5,5,5,4,1,5,3,16,77306,4,1,1,1,1,4,5,4,4,1,1,1,2,1,2,2,5,1,1,1,1,1,1,1,1,1,2,2,1,1,2,No,,,No,,,1,1,2,1,2,Woman,18,8,4,0,5,4
145,b,14/03/2016,13:36:48,14/03/2016,13:43:58,4,3,3,4,,3,3,3,4,4,4,3,3,2,3,4,4,3,3,4,2,3,4,3,2,3,3,,3,3,3,4,3,2,3,3,4,4,3,2,2,4,3,5,5,4,4,4,3,4,4,,3,3,4,3,3,4,4,4,3,3,4,4,3,3,4,4,3,3,4,4,3,3,1,47874,5,4,5,4,5,2,5,4,3,3,4,5,4,5,4,,3,4,5,4,4,5,4,4,5,4,3,5,4,4,7,No,,,No,,,1,5,5,4,5,Woman,21,8,0,7,5,6
146,c,14/03/2016,16:16:43,14/03/2016,16:43:37,2,4,3,4,3,4,4,2,2,5,2,4,2,3,4,5,5,5,4,5,2,4,1,5,1,5,4,5,3,5,5,4,4,1,4,2,1,2,2,3,4,7,5,4,6,4,3,4,4,4,5,6,3,5,3,5,4,3,5,3,4,2,4,6,2,3,2,2,2,2,4,2,2,4,,,,,,,,,,,,,,,,,,,,,,,,,,,,,,,,,,,,,,,,,,,,,,,,,,,
147,a,14/03/2016,18:49:16,14/03/2016,18:54:19,2,3,4,3,3,3,3,3,3,3,3,4,3,3,4,4,3,2,4,4,2,4,1,4,3,4,4,3,3,4,4,3,4,3,3,4,3,3,4,4,4,4,4,,4,4,4,4,4,4,4,4,4,4,4,4,4,4,4,4,4,4,4,4,4,4,4,4,4,4,4,4,4,4,,,,,,,,,,,,,,,,,,,,,,,,,,,,,,,,,,,,,,,,,,,,,,,,,,,
148,c,14/03/2016,18:57:13,14/03/2016,19:03:02,3,,3,3,3,3,3,3,3,3,3,4,4,4,4,4,4,4,4,4,4,4,4,4,4,4,4,4,4,4,4,4,4,4,4,4,4,4,4,4,4,4,4,4,4,4,4,4,4,4,4,4,4,4,4,4,4,4,4,4,4,4,4,4,4,4,4,4,4,4,4,4,4,4,6,103479,2,2,2,2,3,4,4,4,4,4,4,4,4,4,4,4,4,4,4,4,4,4,4,4,4,4,5,5,5,5,5,No,,,No,,,4,4,4,4,4,Man,25,0,1,2,1,1
149,b,14/03/2016,19:40:56,14/03/2016,20:05:20,2,5,3,5,3,4,4,3,2,4,4,2,2,1,5,6,4,5,5,4,4,5,1,3,2,4,4,4,2,5,4,4,5,2,1,2,2,3,4,4,5,6,4,4,3,4,2,5,7,3,1,2,4,5,2,2,1,1,4,3,2,3,5,5,3,3,4,2,4,1,5,5,3,3,6,123961,5,1,1,2,5,1,6,6,7,1,1,2,6,1,1,1,6,2,2,2,2,2,6,7,7,7,8,9,8,8,4,No,,,No,,,2,6,6,2,2,Man,18,7,3,7,2,4
150,a,14/03/2016,21:20:51,14/03/2016,21:36:22,2,3,3,2,4,3,4,3,3,4,4,5,2,4,3,3,2,5,4,4,5,5,1,,1,4,2,2,2,5,4,4,3,2,5,2,1,2,5,3,4,5,3,6,4,2,2,2,2,2,4,4,2,5,1,3,2,3,2,2,4,3,4,6,5,5,3,5,4,3,4,4,3,5,5,125567,5,4,1,3,4,1,7,4,7,2,1,1,7,4,5,1,1,3,5,2,2,2,,7,4,7,7,7,7,7,2,No,,,No,,,2,3,6,6,6,Man,22,2,4,12,6,5
151,b,15/03/2016,14:42:16,15/03/2016,15:39:43,2,1,4,1,5,1,3,3,2,4,3,5,1,1,6,4,2,4,4,5,3,4,1,5,3,4,5,4,3,4,4,4,2,2,3,5,1,1,5,4,4,7,5,6,5,6,5,5,3,4,5,3,3,2,5,4,2,4,5,2,2,3,5,5,4,5,5,5,6,6,5,5,6,5,7,974986,4,5,2,4,4,1,7,2,7,2,1,5,7,1,1,3,1,1,2,1,1,5,5,7,7,7,6,6,6,6,5,No,,,No,,,2,7,7,7,7,Woman,18,8,3,6,4,2
152,c,15/03/2016,16:04:45,15/03/2016,16:24:16,2,3,4,3,4,3,4,2,2,5,1,2,1,3,5,3,4,4,,6,3,5,1,4,2,6,4,1,1,6,6,3,4,1,2,3,1,1,3,3,6,5,4,3,5,2,4,3,4,3,5,5,6,3,3,2,1,2,4,4,3,3,3,4,2,2,2,1,1,1,4,4,2,1,2,217477,7,5,4,4,6,2,6,2,7,1,1,3,7,1,1,1,7,1,3,,1,2,7,1,4,3,10,10,10,10,5,No,,,No,,,1,5,6,6,6,Woman,22,7,2,5,2,0
153,b,16/03/2016,13:17:17,16/03/2016,13:47:46,1,1,3,2,4,2,4,1,2,3,2,5,1,1,5,4,6,3,4,5,5,4,1,6,1,5,5,3,3,3,4,3,2,2,2,2,1,2,4,4,4,2,4,2,5,2,1,5,5,1,4,4,4,5,4,3,3,4,4,5,3,3,3,3,4,4,3,3,4,2,3,2,3,4,11,102230,1,2,4,5,1,,2,6,7,1,1,1,6,6,6,6,2,5,6,6,6,4,3,7,7,7,3,1,2,2,2,No,,,No,,,1,2,4,4,4,Woman,20,8,3,3,5,4
154,a,16/03/2016,14:24:58,16/03/2016,14:46:06,2,3,5,4,3,3,4,3,3,5,1,6,1,6,6,5,5,5,6,6,3,5,1,4,6,4,6,3,2,4,6,5,1,1,3,5,2,1,4,5,5,7,7,7,6,6,6,7,7,6,6,6,6,4,6,6,5,6,6,5,6,2,6,5,6,6,6,6,6,6,6,6,6,6,12,119073,5,5,4,4,5,1,7,1,7,6,1,7,5,2,2,3,5,3,3,3,3,3,5,7,5,7,8,6,6,7,5,Yes,No,7,Yes,No,6,7,7,7,7,7,Woman,22,8,2,0,4,4
155,c,17/03/2016,10:05:20,17/03/2016,10:10:30,3,3,3,3,3,3,3,3,3,3,3,4,4,4,4,4,4,4,4,4,4,4,4,4,4,4,4,4,4,4,4,4,4,4,4,4,4,4,4,4,4,4,4,4,4,4,4,4,4,4,4,4,4,4,4,4,4,4,4,4,4,4,4,4,4,4,4,4,4,4,4,4,4,4,14,9215,4,4,4,4,4,4,4,4,4,4,4,4,4,4,4,4,4,4,4,4,4,4,4,4,4,4,5,5,5,5,5,,,,,,,4,4,4,4,4,Man,21,2,1,1,6,7
156,b,17/03/2016,17:46:49,17/03/2016,18:07:53,3,1,1,1,5,1,5,1,2,2,5,2,2,4,4,6,5,2,2,6,3,4,1,5,3,5,2,3,3,5,5,3,4,1,6,4,2,1,3,2,2,6,5,4,6,4,3,3,5,3,4,6,3,2,1,4,2,4,5,4,4,3,4,5,5,5,2,5,6,1,4,3,5,3,4,57838,6,3,1,3,5,2,5,5,7,1,1,3,6,2,2,2,2,1,1,2,3,2,5,6,7,5,7,7,4,6,7,No,,,No,,,,5,5,7,5,Woman,18,2,3,0,0,0
157,a,18/03/2016,11:32:06,18/03/2016,11:49:05,3,2,3,1,4,2,3,1,5,3,2,6,2,1,5,6,1,3,4,3,6,2,1,6,2,4,1,1,3,3,3,3,1,1,4,3,1,1,2,3,2,6,6,5,4,5,5,7,7,4,4,3,2,4,3,2,1,4,2,4,5,4,5,6,5,5,6,5,5,4,6,5,6,4,18,87916,5,4,1,4,5,1,6,1,7,1,1,5,7,5,6,1,1,4,4,3,4,2,6,5,3,7,6,9,8,9,3,No,,,No,,,3,4,5,4,4,Man,20,2,3,11,5,6
158,a,18/03/2016,12:42:49,18/03/2016,13:05:28,4,3,5,3,4,3,4,4,4,4,3,6,6,5,6,6,6,6,6,6,4,6,4,3,1,6,6,4,3,5,6,6,3,2,1,6,2,1,4,6,5,6,7,7,7,7,7,7,7,7,5,6,4,5,5,5,5,5,6,5,5,3,5,5,5,6,6,6,6,6,6,6,6,6,12,104111,5,6,4,5,5,2,6,3,6,6,3,6,6,5,6,6,2,5,6,6,6,6,4,4,4,4,6,8,6,6,5,No,,,No,,,3,5,4,6,6,Man,19,4,3,0,0,0
159,a,18/03/2016,15:25:45,18/03/2016,16:03:48,2,1,4,3,5,1,4,3,3,3,3,5,5,5,6,6,1,2,4,5,6,5,1,6,1,5,5,4,2,5,6,4,4,1,2,6,1,6,6,4,5,7,7,6,7,6,7,7,7,4,5,6,6,6,6,6,6,6,6,6,6,2,6,6,6,6,6,6,6,6,5,5,6,6,18,103354,4,2,2,1,4,4,1,7,7,1,1,1,7,1,1,6,4,4,5,4,5,6,7,2,3,3,10,2,8,9,6,No,,,No,,,1,1,1,1,2,Woman,18,2,4,7,5,5
160,b,18/03/2016,19:52:26,18/03/2016,20:19:10,4,2,3,1,5,2,3,4,4,4,2,4,1,5,2,4,2,2,1,5,5,5,1,3,5,5,2,1,5,2,6,4,2,1,5,3,2,1,4,1,3,5,3,3,5,2,2,5,5,2,4,4,5,2,5,4,5,3,5,2,4,3,2,1,3,3,3,2,2,1,3,3,3,3,12,192883,2,3,1,4,2,2,3,2,6,1,1,2,7,2,2,1,2,2,1,2,2,1,6,7,7,7,6,3,3,4,2,No,,,No,,,1,5,5,3,3,Woman,18,8,3,10,5,8
161,c,19/03/2016,12:03:45,19/03/2016,12:25:14,3,4,5,3,3,4,3,3,4,4,2,5,1,5,6,4,6,6,6,6,2,6,1,2,5,5,6,3,1,5,6,5,5,2,3,6,2,1,5,,4,5,6,6,7,6,4,7,7,3,6,6,6,5,4,5,3,4,6,6,6,2,6,6,5,5,5,4,6,5,6,6,6,5,12,171272,3,4,3,5,3,1,7,5,6,4,1,3,6,6,7,4,2,3,7,3,5,5,4,7,6,5,8,6,5,4,6,No,,,No,,,1,5,5,4,4,Woman,20,8,2,6,2,1
162,a,19/03/2016,16:57:07,19/03/2016,18:12:38,2,2,3,2,5,2,3,3,3,4,3,4,1,4,4,3,4,5,3,5,2,5,1,2,2,5,4,3,2,5,5,5,4,3,3,4,1,2,4,4,3,6,6,4,5,5,4,6,6,4,5,5,5,5,5,5,3,5,5,5,5,2,5,5,3,4,3,4,4,4,5,4,4,4,7,135155,5,6,5,4,4,2,5,4,6,2,2,4,6,2,4,3,5,4,5,4,4,5,4,6,5,6,6,5,5,6,3,Yes,Yes,5,Yes,Yes,5,3,4,4,4,4,Woman,22,8,3,12,2,4
163,b,19/03/2016,18:13:39,19/03/2016,18:33:28,4,3,3,4,3,3,3,3,3,4,4,6,5,4,5,6,3,3,5,,6,4,1,4,2,2,4,3,3,4,,4,2,3,1,4,3,6,4,5,4,7,7,7,7,7,7,7,5,6,,4,3,4,3,4,4,4,4,4,4,4,4,4,3,4,4,4,4,4,4,3,4,6,17,187710,7,4,1,3,7,7,7,1,7,5,7,5,5,5,5,6,6,1,4,5,3,3,6,5,2,7,10,10,8,8,5,No,,,No,,,1,3,7,7,7,Man,18,9,4,11,6,5
164,c,20/03/2016,18:31:36,20/03/2016,18:40:44,4,1,3,1,,1,4,1,1,4,2,5,2,,5,4,2,4,4,4,3,4,1,3,3,3,4,4,3,4,4,4,3,3,3,4,3,3,5,5,3,6,5,6,7,5,5,5,5,4,3,4,3,3,2,2,2,2,4,2,3,3,4,4,3,3,4,4,4,4,3,4,4,3,10,93540,5,5,3,4,5,4,5,5,5,3,3,4,4,3,4,4,4,3,3,4,3,3,5,,3,3,7,7,7,7,5,No,,,No,,,1,4,5,5,5,Woman,20,8,3,8,4,4
165,a,21/03/2016,0:28:44,21/03/2016,0:53:38,3,2,4,4,3,4,3,4,3,2,3,5,2,3,5,4,3,4,3,5,5,3,3,4,3,5,4,2,4,3,5,3,4,2,4,3,2,2,4,2,5,3,3,2,3,3,2,4,4,2,5,5,5,4,5,5,4,5,5,5,5,2,3,3,3,3,3,4,4,4,3,3,4,4,2,144321,4,3,4,5,5,2,5,6,6,4,2,3,6,6,3,2,2,4,6,6,6,5,2,6,6,6,4,3,3,3,4,No,,,No,,,3,3,3,3,3,Man,21,0,2,4,2,3
166,b,21/03/2016,2:20:31,21/03/2016,2:35:32,3,3,2,4,5,2,3,4,3,3,3,4,3,5,4,6,4,4,5,4,3,4,1,3,6,6,4,3,2,5,6,2,4,1,5,3,1,3,4,4,4,6,3,5,6,5,3,5,4,3,3,6,4,5,4,5,4,4,3,4,5,3,4,5,3,4,5,4,5,3,4,4,3,4,4,132951,5,7,7,5,2,3,6,6,7,4,3,4,5,5,5,6,7,4,5,1,4,5,3,6,7,3,4,3,5,,5,No,,,No,,,2,6,6,6,6,Man,19,2,2,5,2,6
167,c,23/03/2016,2:40:42,23/03/2016,2:47:07,3,3,3,3,3,3,3,3,3,3,3,4,4,4,4,4,4,4,4,4,4,4,4,4,2,4,4,4,4,4,4,4,4,4,4,4,4,4,4,4,4,4,4,4,4,4,4,4,4,4,4,4,4,4,4,4,4,4,4,4,4,4,4,4,4,4,4,4,4,4,4,4,4,4,2,56538,4,6,6,5,1,4,4,4,4,4,4,4,4,4,4,4,4,4,4,4,4,4,4,4,4,4,5,5,5,5,5,No,,,No,,,3,3,3,3,3,Woman,18,3,2,3,2,2
168,a,24/03/2016,14:37:14,24/03/2016,14:57:17,2,3,5,2,4,2,4,3,3,3,2,5,2,2,6,5,3,2,4,6,5,4,1,5,6,5,5,3,4,5,5,5,2,5,3,4,2,2,4,4,4,4,4,4,4,4,4,6,5,4,4,4,4,5,3,3,2,5,6,4,4,3,4,4,4,4,3,3,3,3,3,3,4,4,5,118705,4,4,5,2,1,1,2,7,7,2,2,2,7,2,2,2,4,5,2,6,7,4,4,2,1,1,1,1,1,1,3,No,,,No,,,1,2,2,4,2,Woman,23,2,3,11,5,5
169,c,26/03/2016,23:55:11,27/03/2016,0:19:22,4,5,4,5,4,4,3,4,4,4,4,5,1,4,6,5,5,5,5,6,3,6,2,3,3,6,6,1,2,6,6,6,4,3,4,4,3,1,5,4,5,6,6,6,7,5,5,7,6,4,6,6,6,6,5,6,6,6,6,6,6,2,6,6,6,6,6,6,6,6,6,6,6,6,2,224278,5,5,7,7,2,7,5,7,7,5,7,5,7,7,7,7,7,7,7,7,7,7,3,6,6,5,6,4,5,5,7,No,,,No,,,1,4,6,5,5,Woman,19,8,1,2,2,2
170,b,29/03/2016,14:56:54,29/03/2016,15:21:41,2,3,5,2,4,3,4,2,2,4,1,5,3,5,6,6,1,4,5,2,5,5,1,4,3,3,5,4,3,4,5,4,3,3,1,4,2,3,5,5,3,6,3,6,6,6,3,5,6,5,3,2,4,2,3,2,2,2,5,2,3,3,5,5,6,5,5,5,5,4,5,4,5,4,8,187279,3,3,2,2,4,2,5,4,6,4,2,5,5,3,2,2,3,2,2,2,2,5,6,7,5,7,8,9,3,7,8,No,,,No,,,4,5,4,5,4,Woman,18,8,2,7,4,4
171,c,30/03/2016,0:07:23,30/03/2016,0:34:11,2,2,2,3,4,2,4,2,4,4,2,5,4,3,4,4,3,4,4,5,5,,2,4,5,3,3,3,3,4,5,4,3,2,3,4,2,4,3,3,3,5,4,5,6,4,2,3,3,4,4,4,3,3,3,4,4,3,4,,4,,4,5,3,4,3,5,5,4,4,4,4,3,18,71393,4,4,5,5,5,5,7,4,5,5,3,6,3,3,5,3,4,4,,5,6,3,4,4,4,5,6,6,7,7,7,No,,,No,,,3,3,5,4,4,Man,19,2,2,2,5,5
172,a,30/03/2016,11:09:33,30/03/2016,11:27:02,3,5,5,3,4,3,5,4,3,3,4,6,3,5,6,6,2,2,6,5,4,5,1,1,2,4,6,2,2,,5,6,3,2,1,6,5,4,4,6,4,6,7,7,7,2,7,4,6,7,1,2,2,1,1,1,1,2,4,1,2,1,1,1,1,1,1,1,1,1,2,5,5,2,17,95268,1,4,1,4,7,1,7,1,7,2,1,7,6,5,5,1,1,1,1,1,1,1,7,1,1,5,5,10,5,10,8,Yes,No,7,Yes,No,7,5,6,6,6,7,Man,19,8,4,11,4,6
173,a,30/03/2016,11:30:08,30/03/2016,11:44:18,1,2,3,3,4,3,3,3,2,5,4,4,2,6,5,5,4,4,6,5,3,3,2,4,5,4,4,3,2,4,4,3,5,1,2,2,1,2,3,5,3,5,5,5,6,5,5,3,6,4,4,5,5,4,2,4,3,5,4,4,,3,5,5,5,5,4,5,6,6,5,5,5,5,2,48648,6,4,2,5,5,2,2,6,6,3,3,2,3,3,2,2,3,2,2,2,2,2,5,7,7,7,7,7,7,7,6,No,,,No,,,1,4,2,4,3,Woman,18,8,3,9,4,2
174,c,30/03/2016,22:27:10,30/03/2016,22:42:18,2,1,4,3,4,3,3,2,1,3,1,6,3,3,6,6,2,2,3,4,5,3,1,4,1,4,5,2,2,3,4,2,2,1,2,3,2,3,5,4,4,,5,4,3,3,3,5,5,3,1,2,3,4,1,2,4,3,4,3,3,4,5,4,3,3,2,4,3,1,4,6,4,3,7,58951,7,2,2,4,6,1,6,3,7,6,2,5,6,1,1,2,4,1,1,1,1,1,7,2,4,5,9,9,9,9,1,Yes,Yes,7,Yes,Yes,5,6,6,6,5,6,Woman,26,8,2,5,2,5
175,b,31/03/2016,10:14:04,31/03/2016,10:28:28,1,1,3,2,5,2,5,3,1,4,4,4,4,2,5,5,4,4,5,5,6,1,1,5,2,5,4,2,5,5,4,1,4,1,1,2,2,5,6,6,6,6,4,4,1,4,5,6,6,4,2,4,2,3,2,3,4,4,4,4,2,4,4,4,4,5,4,4,3,1,4,5,5,4,12,53399,5,1,1,1,6,1,7,7,7,1,1,1,4,1,1,1,1,1,1,5,5,5,5,1,1,1,7,7,7,8,6,No,,,No,,,1,5,6,5,5,Man,21,2,3,4,5,7
176,c,31/03/2016,19:27:28,31/03/2016,19:46:11,4,3,3,2,4,4,4,3,2,5,4,5,1,4,5,4,2,5,6,4,2,6,1,4,5,5,2,3,2,6,4,5,5,2,3,2,2,3,3,5,6,5,5,5,4,3,2,7,7,2,2,2,2,6,1,2,1,2,1,5,4,5,6,1,3,4,3,3,4,3,5,5,5,3,17,94675,5,3,1,3,5,1,3,1,7,2,1,2,4,1,1,1,1,1,4,1,1,1,7,5,2,1,7,10,10,10,4,No,,,No,,,1,2,2,2,6,Man,18,2,3,8,5,6
177,b,31/03/2016,19:39:12,31/03/2016,20:27:57,2,2,4,3,4,3,3,2,3,3,3,4,2,3,5,6,3,4,4,4,5,5,1,5,2,4,4,2,5,4,4,4,2,2,2,5,2,3,5,4,4,6,6,6,5,5,4,3,7,3,4,4,2,4,2,3,2,3,4,5,4,4,5,5,5,5,5,5,5,5,5,5,5,5,12,1077163,6,5,4,4,5,4,6,2,4,5,4,4,2,4,3,4,4,3,3,3,3,3,5,4,3,2,8,7,7,7,7,No,,,No,,,4,5,5,5,5,Man,19,4,3,11,4,4
178,a,01/04/2016,15:50:44,01/04/2016,16:03:22,1,3,3,2,5,2,5,3,3,4,4,5,1,4,5,6,4,4,5,6,3,5,1,1,1,4,3,1,2,5,3,4,5,1,3,3,2,1,3,3,5,5,2,7,6,5,3,2,5,2,2,3,2,3,3,2,1,2,2,2,,5,3,6,2,2,2,3,4,1,4,4,3,2,1,80221,2,3,1,,4,1,5,2,7,1,1,1,7,1,1,1,1,1,6,1,1,1,7,5,1,7,7,8,6,6,1,Yes,Yes,6,Yes,No,4,4,1,1,1,1,Man,22,8,4,9,4,4
179,b,01/04/2016,20:12:10,01/04/2016,20:32:30,3,2,4,3,4,3,4,4,5,4,2,5,2,2,3,6,4,4,5,6,3,4,1,4,1,4,3,4,1,6,5,3,4,1,4,3,2,2,2,4,4,6,7,5,6,3,4,6,6,4,4,6,3,4,3,4,3,4,5,4,4,3,5,6,3,4,4,4,5,3,4,4,4,5,17,17492,6,2,1,1,7,1,1,7,7,1,1,2,6,4,5,5,3,5,5,2,2,2,7,1,1,1,10,8,7,8,1,No,,,No,,,1,4,3,4,4,Man,21,8,3,11,4,2
180,a,01/04/2016,21:01:44,01/04/2016,21:23:11,3,3,3,4,3,2,3,3,4,3,3,4,3,3,4,4,4,3,4,4,4,4,2,5,2,4,3,2,4,4,4,3,3,2,4,3,3,3,3,3,3,5,6,5,5,5,5,6,5,5,4,5,4,4,3,4,4,4,4,4,4,4,5,5,4,4,5,5,5,5,5,5,5,5,12,172205,3,,3,5,4,3,5,4,5,5,3,5,5,5,,4,5,3,4,3,3,4,5,5,5,6,6,4,5,6,1,No,,,No,,,1,5,4,5,4,Woman,20,2,3,10,5,5
181,c,02/04/2016,14:04:16,02/04/2016,14:21:02,3,1,3,1,4,2,5,2,4,3,3,5,1,3,5,6,4,5,5,5,3,6,1,4,2,6,5,1,2,6,6,5,3,1,2,5,3,1,4,4,5,5,7,6,6,4,3,5,4,3,4,5,4,5,5,5,4,5,3,4,6,4,,3,4,4,5,2,2,1,5,5,3,5,12,72344,3,5,2,5,5,6,7,1,4,2,4,5,5,3,4,5,5,3,5,5,4,5,5,6,5,4,6,7,6,6,4,No,,,No,,,1,6,6,5,5,Man,19,8,4,11,2,4
182,c,03/04/2016,2:52:19,03/04/2016,3:19:39,4,,2,2,4,,2,,5,2,4,3,2,,5,,2,,3,4,6,5,1,5,2,5,,2,,,5,3,4,3,,4,1,2,2,1,4,,4,,4,4,2,7,,2,4,6,1,4,,3,,4,6,5,3,,6,5,5,5,5,5,6,3,6,2,6,,6,220569,6,5,4,3,4,1,6,1,6,3,1,1,5,3,2,4,2,1,1,1,1,1,6,7,7,7,7,2,5,7,1,No,,,No,,,1,6,5,2,3,Woman,20,2,0,0,0,0
183,c,03/04/2016,20:34:06,03/04/2016,21:03:55,3,2,1,1,4,2,3,2,5,3,5,4,1,2,4,5,5,4,4,5,4,4,1,5,1,5,2,2,2,4,6,4,2,1,1,5,1,1,2,2,2,5,4,4,5,5,3,7,7,4,6,6,6,6,5,,5,6,5,5,6,1,6,6,5,5,4,4,6,2,5,4,5,5,12,287245,6,5,4,4,5,2,,5,7,7,6,7,6,2,6,3,3,2,6,3,5,6,5,7,7,6,8,8,6,7,7,No,,,No,,,4,6,6,5,7,Woman,20,2,2,4,1,5
184,a,03/04/2016,20:57:45,03/04/2016,21:17:23,1,2,3,3,4,3,4,3,3,5,1,2,5,3,6,6,2,3,5,3,3,4,1,4,1,4,5,2,2,5,6,5,4,4,2,4,2,5,4,4,3,4,4,4,6,3,3,4,4,3,3,4,2,3,2,2,2,4,5,4,3,3,4,2,4,4,3,4,4,3,4,4,4,3,5,122412,3,1,1,1,7,1,7,1,7,1,1,4,7,1,1,1,1,1,1,1,1,1,7,1,7,4,10,10,10,10,1,No,,,No,,,4,7,7,7,7,Man,19,8,4,12,5,3
185,b,04/04/2016,1:10:20,04/04/2016,1:47:34,3,3,3,3,3,3,4,3,3,3,3,4,4,2,4,5,5,4,3,4,4,5,1,5,3,4,2,2,4,4,5,2,2,2,3,4,3,3,5,3,5,6,6,6,6,6,6,6,6,2,5,4,5,6,4,5,3,5,5,5,5,3,4,5,4,6,6,5,5,5,5,6,6,5,8,617398,4,7,6,7,3,5,2,7,7,1,1,1,7,6,6,7,7,3,3,2,2,5,5,7,6,7,6,1,3,5,3,No,,,No,,,1,6,6,5,6,Woman,22,6,1,2,5,6
186,c,04/04/2016,11:17:26,04/04/2016,11:44:14,2,1,4,2,4,2,3,1,4,3,2,3,2,4,5,5,4,4,4,5,5,4,1,3,2,5,4,2,3,2,6,4,1,3,5,4,1,2,3,3,1,4,5,5,6,2,3,6,3,3,2,5,3,6,1,3,4,3,3,4,3,4,3,4,3,3,2,3,2,2,3,4,3,5,6,218868,6,6,2,4,5,1,7,5,7,1,1,4,6,1,2,2,3,1,2,1,2,1,6,7,7,7,8,8,7,9,9,No,,,No,,,3,6,7,6,7,Woman,18,8,3,7,6,6
187,b,04/04/2016,11:47:40,04/04/2016,12:11:25,2,2,3,4,5,3,4,2,1,4,1,3,3,3,5,5,1,2,4,2,4,5,1,5,6,3,4,5,2,5,3,3,5,2,2,4,3,5,4,3,5,6,5,4,6,4,5,6,3,5,4,4,4,5,2,2,5,3,4,4,2,4,4,3,5,5,2,3,2,2,4,3,3,4,8,101610,3,4,2,4,6,2,6,2,7,6,1,6,6,3,3,2,2,2,3,2,2,3,6,7,6,1,8,8,8,9,7,No,,,No,,,4,6,6,6,6,Man,20,8,5,12,5,5
188,a,04/04/2016,13:34:08,04/04/2016,13:45:47,2,2,4,2,4,2,4,2,2,4,1,4,3,2,5,5,1,4,5,3,5,4,1,4,3,3,4,2,2,5,3,3,4,3,3,4,2,3,4,5,4,5,6,6,6,5,5,4,5,4,2,3,2,4,4,4,4,4,4,5,2,3,4,4,4,5,5,4,4,4,5,4,4,4,7,86407,4,4,5,5,3,3,6,3,5,4,3,4,6,4,5,4,5,4,5,4,4,4,3,3,3,3,6,5,5,5,5,No,,,No,,,3,4,4,4,4,Man,19,8,3,11,5,6
189,a,04/04/2016,13:46:27,04/04/2016,14:28:59,4,2,3,3,5,2,3,2,5,1,2,4,2,1,4,4,5,4,2,5,4,5,1,6,3,3,5,2,3,4,6,4,3,3,3,2,1,2,5,2,1,5,3,2,5,5,2,6,7,2,4,5,1,4,3,5,4,3,5,5,4,3,5,5,4,4,4,4,2,4,5,3,3,3,5,136907,5,4,5,3,3,1,6,5,7,3,1,5,7,5,5,2,1,5,5,4,6,3,4,3,3,5,5,3,3,5,2,No,,,No,,,2,5,6,6,6,Man,19,8,3,10,5,1
190,c,04/04/2016,15:21:06,04/04/2016,15:34:19,2,3,2,2,3,2,4,2,3,4,3,4,5,3,5,4,4,4,4,5,4,5,1,5,2,4,3,2,4,4,5,3,3,1,3,3,2,3,3,3,4,5,5,4,5,5,5,6,5,5,5,5,5,4,5,5,5,4,5,5,4,3,5,4,5,4,4,4,4,5,4,4,5,4,20,88058,5,4,6,4,3,5,6,4,3,4,5,4,4,5,5,5,3,4,5,3,4,5,4,4,3,3,6,5,6,6,5,No,,,No,,,2,4,4,5,5,Woman,18,2,3,6,4,2
191,b,04/04/2016,15:48:07,04/04/2016,16:10:50,3,2,4,3,4,3,5,2,2,4,3,6,1,4,6,5,6,5,4,6,3,5,3,3,2,6,6,4,3,5,5,5,4,3,3,3,3,1,4,4,4,7,7,6,7,6,7,7,7,7,5,6,6,4,2,3,3,4,4,4,4,2,6,6,6,6,5,6,6,6,6,3,4,5,12,144128,5,4,3,4,5,6,6,2,7,6,4,5,4,4,4,5,3,3,4,3,3,4,5,3,3,3,5,5,5,5,2,No,,,No,,,2,6,6,6,6,Woman,18,7,4,12,6,6
